007 언리미티드	fire and ice
101마리 강아지	101 dalmatians
13일의 금요일 (영화 시리즈)	friday the 13th
1인칭 시점	first person perspective
21에몽	21 emon
2x2=시노부전	2x2 shinobuden
2개의 자지가 하나의 입으로 들어감	double blowjob
2개의 자지가 하나의 질로 삽입됨	double vaginal
2개의 자지가 하나의 항문으로 들어감	double anal
3개 이상의 젖꼭지	multiple nipples
3개의 구멍이 동시에 삽입당함	triple penetration
3개의 자지 또는 3개의 성기구 등이 하나의 질에 삽입됨	triple vaginal
3개의 자지가 하나의 아날로 들어감	triple anal
3월의 라이온	3-gatsu no lion
4월은 너의 거짓말	shigatsu wa kimi no uso
50세 이상 여성	old lady
5등분의 신부	gotoubun no hanayome
80일간의 세계일주	around the world with willy fog
81 다이버	81diver
91 데이즈	91 days
AI 생성	ai generated
akb49: 연애금지조례	akb49
a채널	a channel
b형h계	b gata h kei
cosmic baton girl 코메트상☆	cosmic baton girl comet-san
covid-19|코로나바이러스감염증-19	covid-19
dead or alive|도아	dead or alive
dr. 슬럼프 아라레쨩	dr. slump
e. 혼다	edmond honda
fate/apocrypha|페이트 아포크리파	fate apocrypha
fate/kaleid liner 프리즈마☆이리야|페이트 프리즈마 이리야	fate kaleid liner prisma illya
ga 예술과 아트 디자인 클래스	ga geijutsuka art design class
gdgd 페어리s	gdgd fairies
gj부	gj-bu
go! go! 다섯 쌍둥이	go go itsutsugo land
go! 프린세스 프리큐어	go princess precure
gosick -고식-	gosick
human 사람을 애완동물처럼 다룸	human pet
j. p. 시바야마	junpei shibayama
j. 조나 제임슨	j. jonah jameson
ko세기 비스트 삼수사	k.o. beast
m.바이슨	m.bison	m. bison
mnemosyne ~므네모슈네의 딸들~	mnemosyne
monster high™ 미용실: 환상적인 패션 게임	monster high
mr. 인크레더블	bob parr
new game!|뉴게임	new game
ng기사 라무네 앤드 40	ng knight lamune and 40
norn9 노룬+노넷	norn9
occultic;nine -오컬틱 나인-	occultic nine
ok k.o! 레츠 비 히어로즈	ok k.o. lets be heroes
one ~빛나는 계절로~	one kagayaku kisetsu e
rd 잠뇌조사실	real drive
re 제로부터 시작하는 이세계 생활|리제로	re zero kara hajimeru isekai seikatsu
re:제로부터 시작하는 이세계 생활|리제로	re zero kara hajimeru isekai seikatsu
sf 서유기 스타징가	starzinger
t. 호크	thunder hawk
the 카보챠 와인	the kabocha wine
thunderbolt fantasy 동리검유기	thunderbolt fantasy
to love 트러블|투러브	to love-ru
tokyo 7th 시스터즈	tokyo 7th sisters
ug 얼티메이트 걸	ultimate girls
wii 피트	wii fit
working!!|워킹	working
xxx홀릭	xxxholic
x사건 미녀탐정	phantom quest corp
yes! 프리큐어5	yes precure 5
z 건담	zeta gundam
가고일즈	gargoyles
가나하 히비키	hibiki ganaha
가난뱅이 신이!	binbougami ga
가네사 롤랜드	ganessa roland
가넷 맥클레인	garnet maclaine
가넷 틸 알렉산드로스 17세	garnet til alexandros xvii
가논돌프	ganondorf
가드 가드	gad guard
가디언 테일즈	guardian tales
가디언 히어로즈	guardian heroes
가디언즈	rise of the guardians
가디언즈 오브 갤럭시	guardians of the galaxy
가라가라!! 트러블 메이커즈	mischief makers
가랑이 문신	crotch tattoo
가레스	gareth
가로 -배니싱 라인-	garo vanishing line
가루몬	garurumon
가르마 자비	garma zabi
가르쳐줘! 갸루코쨩	oshiete galko-chan
가리 투만	garie tuman
가마고리 이라	ira gamagoori
가면	masked face
가면 라이더	kamen rider
가면 속의 수수께끼	discommunication
가면라이더 ooo	kamen rider ooo
가면라이더 w	kamen rider w
가면라이더 가부토	kamen rider kabuto
가면라이더 고스트	kamen rider ghost
가면라이더 드라이브	kamen rider drive
가면라이더 디케이드	kamen rider decade
가면라이더 아마존즈	kamen rider amazon
가면라이더 위저드	kamen rider wizard
가면라이더 포제	kamen rider fourze
가모라	gamora
가무이 카츠라기	kamui katsuragi
가브리엘 화이트 텐마	gabriel tenma white
가브릴 드롭아웃	gabriel dropout
가사라키	gasaraki
가사이 유노	yuno gasai
가솔린 맬러드	gosalyn mallard
가스 란츠	garth ranzz
가슴 빨기	breast feeding
가슴 팽창	breast expansion
가슴이 작아짐	breast reduction
가슴이 커짐	breast expansion
가시나무왕	ibara no ou
가아라	gaara
가야코 사에키	kayako saeki
가오루코 하나사키	cure flower
가오몬	gaomon
가우리 가브리에프	gourry gabriev
가위손	edward scissorhands
가위치기	tribadism
가이 텐도	gai tendo
가이버	guyver
가이스트 크래셔	gaist crusher
가이킹	gaiking
가일	guile
가정교사	tutor
가정교사 히트맨 reborn!	katekyo hitman reborn
가젯 해크렌치	gadget hackwrench
가족 로빈슨 표류기 이상한 섬 플로네	the swiss family robinson flone of the mysterious island
가체핀	gachapin
가쿠 무로이	gaku muroi
가쿠 야시로	gaku yashiro
가터 벨트	garter belt
가터벨트	garter belt
가트몬	angewomon	gatomon
가필드	garfield
각청	keqing
간달프	mithra	gandalf
간류	ganryu
간지럼	tickling
간츠	gantz
간호사	nurse
간호순	nurse joy
갈라드리엘	galadriel
갈릴레이 돈나	galilei donna
갈주 아일랜드	galzoo island
갈포드 d. 웰러	galford d. weller
감각공유	shared senses
감금	confinement
감바의 모험	ganba no bouken
감옥전함	kangoku senkan
감옥학원	prison school
감우	ganyu
감으로 하는! 부활동	tesagure bukatsu-mono
감은 눈	closed eyes
갑철성의 카바네리	koutetsujou no kabaneri
갓 오브 워	god of war
갓 이터	god eater
갓챠맨 크라우즈	gatchaman crowds
갓파	kappa
강각의 레기오스	chrome shelled regios
강간	rape
강다리	pochiro
강렬한 냄새를 방출함	smell
강백호	hanamichi sakuragi
강아지	dog
강아지 소년	dog boy
강철 수염과 게으른 동네	lazytown
강철 지그	kotetsu jeeg
강철의 라인배럴	kurogane no linebarrels
강철의 마녀 안네로제	koutetsu no majo annerose
강철의 연금술사	fullmetal alchemist
강철전사제이시	jayce and the wheeled warriors
강철천사 쿠루미	steel angel kurumi
강혁	zane truesdale
개	dog
개골개골 마법사	kero kero chime
개구리	frog
개구리 소녀	frog girl
개구리 중사 케로로	keroro gunsou
개구쟁이 스머프	the smurfs
개그	gag
개그만화 보기 좋은 날	gag manga biyori
개스톤	gaston
갤디노	galdino
갤러리 페이크	gallery fake
갤러해드	harry hart
갤럭시 엔젤	galaxy angel
갤리	gally
갬빗	gambit
갸루	gyaru
갸루남	gyaru-oh
거꾸로 된 파테마	patema inverted
거대한 가슴	huge breasts
거리의 상어들	street sharks
거머리	leeches
거미	spider
거미녀	spider girl
거미입니다만, 문제라도?	kumo desu ga nani ka
거신 고그	giant gorg
거유	big breasts
거인	giant
거인녀	giantess
거인화	growth
거친 번역	rough translation
건 x 스워드	gun x sword
건 그레이브	gungrave
건강 전라계 수영부 우미쇼	umisho
건담	gundam
건담 g의 레콘기스타	gundam g no reconguista
건담 빌드 다이버즈	gundam build divers
건담 빌드 파이터즈	gundam build fighters
건담 빌드 파이터즈 트라이	gundam build fighters try
건담 윙	gundam wing
건발키리	gunvalkyrie
건방진 천사	tenshi na konamaiki
건버드	gunbird
건버스터	gunbuster
건스미스 캣츠	gunsmith cats
건스타 히어로즈	gunstar heroes
건슬링거 걸	gunslinger girl
건어물 여동생! 우마루짱	himouto umaru-chan
건조 치하야	gunzou chihaya
건파이어 리본	gunfire reborn
건퍼레이드 오케스트라	gunparade march	gunparade orchestra
걸 프렌드 (베타)	girl friend beta
걸리버 여행기	gullivers travels
걸리시 넘버	girlish number
걸스 브라보	girls bravo
걸즈 & 판처|걸판	girls und panzer
검볼	the amazing world of gumball
검볼 트리스토퍼 워터슨	gumball watterson
검비	gumby
검은 마왕 다크 워러(전3편)	the pirates of dark water
검은 피부	dark skin
검은 흰자	dark sclera
검은사막	black desert online
검은피부	dark skin
겁쟁이 강아지 커리지	courage the cowardly dog
겁쟁이 페달	yowamushi pedal
게	crab
게게게의 기타로	gegege no kitarou
게드전기: 어스시의 전설	tales from earthsea
게르트루트 바르크호른	gertrud barkhorn
게리 "에그시" 언윈	gary unwin
게리 찰머스	gary chalmers
게이트 - 자위대. 그의 땅에서, 이처럼 싸우며	gate - jieitai kano chi nite kaku tatakaeri	gate - jietai kano chi nite kaku tatakaeri
게임 cg	game cg
겐지	genji
겟 라이드! 암드라이버	am driver
겟 백커즈 -탈환야-	getbackers
겟코가면	kekko kamen
겨드랑이 핥기	armpit licking
겨드랑이로 성기를 자극함	armpit sex
겨울왕국	frozen	the snow queen
겨털	hairy armpits
격부술사 요역문	bakegyamon
격투 요리 전설 비스트로 레시피	fighting foodons
격투! 크러시 기어 터보	crush gear
결계사	kekkaishi
경계선상의 호라이즌	gekitotsu no hexennacht	kyoukai senjou no horizon
경계의 린네	kyoukai no rinne
경계의 저편	kyoukai no kanata
경찰	policeman
고고	gogo tomago
고고 유바리	gogo yubari
고델	mother gothel
고독한 미식가	kodoku no gourmet
고든 프리맨	gordon freeman
고로	goro
고로 아케치	goro akechi
고르고13	golgo 13
고릴라 그로드	gorilla grodd
고메즈 아담스	gomez addams
고문	torture
고뭉치	genta kojima
고블린	goblin
고블린 슬레이어	goblin slayer
고스로리	gothic lolita
고스트 라이더	ghost rider
고스트 스위퍼 미카미	ghost sweeper mikami
고스트 오브 쓰시마	ghost of tsushima
고스트 헌트	ghost hunt
고스트버스터즈	ghostbusters
고양이	cat
고양이 당인전 테얀데에	samurai pizza cats
고양이 댄스	cats dont dance
고양이 소녀	catgirl
고양이 펠릭스	felix the cat
고양이의 보은	the cat returns
고어	guro
고에몬 하치스카	goemon hachisuka
고우키	akuma
고은비	zephyrmon	zoe orimoto
고인돌 가족 플린스톤	the flintstones
고질라	godzilla
고케츠지 일족	power instinct
고코우 루리	ruri gokou
고코우 루리|쿠로네코	ruri gokou
고쿠데라 하야토	hayato gokudera
고키차	gokicha
고테츠 t. 가부라기	kotetsu t. kaburagi
고토부키 란	ran kotobuki
고토츠메 유카리	yukari kotozume
곤 프릭스	gon freecss
곤충	insect	insects
곤충녀	insect girl
골든 액스	golden axe
골든 카무이	golden kamuy
골든타임	golden time
골란 더 인세이셔블	golan the insatiable
골판지전기	danball senki
곰	bear
곰 소녀	bear girl
곰 소년	bear boy
곰돌이 푸	winnie the pooh
공각기동대	ghost in the shell
공룡	dinosaur
공룡시대	the land before time
공룡킹 어드벤처	dinosaur king
공의 경계	kara no kyoukai
공주와 개구리	the princess and the frog
과부	widow
관음증	voyeurism
관장	enema
관희 챠이카	hitsugi no chaika
광대	clown
광대 크러스티	krusty	krusty the clown
광란가족일기	kyouran kazoku nikki
광익전희 엑스티아	kouyoku senki exs-tia
괭이갈매기 울 적에	umineko no naku koro ni
괴담 레스토랑	kaidan restaurant
괴도 조커	kaitou joker
괴롭히지 말아요, 나가토로 양	ijiranaide nagatoro-san
괴물	the thing
괴물들이 사는 나라	where the wild things are
괴물사변	kemono jihen
괴물왕녀	princess resurrection
괴물의 아이	bakemono no ko
괴짜가족	super radical gag family
괴짜가족 괴담일기	gravity falls
괴혼	katamari
굉굉전대 보켄저	gogo sentai boukenger
교복	school uniform
교스케 가미조	kyousuke kamijou
교스케 카스가	kyosuke kasuga
구극!! 변태가면	kyuukyoku hentai kamen
구더기	maggot
구드룬	gutrune
구속구	pillory
구슬동자 제터스	bomberman jetters
구토	vomit
구피와 친구들	goof troop
굴욕	humiliation
귀갑묶기	shibari
귀를 기울이면	whisper of the heart
귀멸의 칼날	kimetsu no yaiba
귀무자	onimusha
귀부	oni chichi
귀신	ghost
귀에 삽입	ear fuck
귀작	kisaku
귀축 안경	kichiku megane
그 꽃잎에 입맞춤을	sono hanabira ni kuchizuke wo	sono hanabira ni kuchizuke o
그 남자! 그 여자!	kare kano
그 비스크 돌은 사랑을 한다	my dress-up darling
그 여름에서 기다릴게	ano natsu de matteru
그것	it
그날 본 꽃의 이름을 우리는 아직 모른다|아노하나	ano hi mita hana no namae wo bokutachi wa mada shiranai
그녀는 매직걸	magikano
그녀의 플래그가 꺾이면	kanojo ga flag o oraretara
그늘에서 지킨다	kage kara mamoru
그대가 바라는 영원	kimi ga nozomu eien
그때 그 시절 패밀리	f is for family
그라나도 에스파다	granado espada
그라디우스	gradius
그란디아	grandia
그랑디스 그랑바	grandis granva
그랑블루	grand blue
그랑블루 판타지	granblue fantasy
그래도 마을은 돌아간다	soredemo machi wa mawatteiru
그래비티 러시	gravity rush
그랜드 테프트 오토: 샌 앤드리어스	grand theft auto
그랜드체이스	grand chase
그랜트 올드만	grant oldman
그렁클 스탠	stanley pines
그레고르 클리게인	gregor
그레고리 하우스	gregory house
그레이 풀버스터	gray fullbuster
그레이스	grace augustine
그레이엄 에이커	graham aker
그레이의 50가지 그림자	fifty shades of grey
그레이트 마징가	great mazinger
그레타 요한센	mrs. johanssen
그렉 브래디	greg brady
그렌델	grendel
그렘린	gremlins
그로우랜서 시리즈	growlanser
그루	felonius gru
그룹	group
그리버스 장군	general grievous
그리자이아의 과실	grisaia no kajitsu
그리자이아의 팬텀 트리거	grisaia phantom trigger
그린 고블린	green goblin
그린 랜턴	green lantern
그린 애로우	green arrow
그린치	how the grinch stole christmas	the grinch who stole christmas
그림 판당고	grim fandango
그림죠 재거잭	grimmjow jaegerjaquez
그웬 스테이시	gwen stacy	spider-woman
그웬돌린 테니슨	gwen tennyson	gwendolyn
그웬풀	gwenpool
극강 매직스워드	mighty magiswords
극상학생회	gokujou seitokai
극장판 토미카 하이퍼레스큐 드라이브헤드	tomica hyper rescue drive head
극한탈출 adv 선인 사망입니다	zero escape
극흑의 브룬힐데	brynhildr in the darkness
근육	muscle
근육맨	kinnikuman
근육이 생기거나 커짐	muscle growth
근친	incest
글라스립	glasslip
글래디스 샤프	gladys
글렌 쾌그마이어	glenn quagmire
글로리 홀	glory hole
글로리아 글래드	gloria glad
금발의 제니	kaze no naka no shoujo kinpatsu no jeanie
금발이 너무해	legally blonde
금빛 모자이크	kiniro mosaic
금빛 어둠	golden darkness
금색의 갓슈!!	zatch bell
금속 갑옷	metal armor
급격히 나이가 어려짐	age regression
급격히 나이를 먹음	age progression
기가	baldr bullet revellion
기갑 모스페다	genesis climber mospeada
기갑계 가리안	panzer world galient
기갑전기 드라고나	metal armor dragonar
기계 부품이 몸 밖으로 드러난 여자	mecha girl
기계와 섹스	machine
기교소녀는 상처받지 않아	kikou shoujo wa kizutsukanai	machine-doll wa kizutsukanai
기노자 노부치카	nobuchika ginoza
기동경찰 패트레이버	patlabor
기동무투전 g 건담	g gundam
기동신세기 건담 x	gundam x
기동전사 v 건담	victory gundam
기동전사 건담	gundam seed	mobile suit gundam
기동전사 건담 0080 - 포켓 속의 전쟁	gundam 0080
기동전사 건담 0083 - 스타더스트 메모리	gundam 0083
기동전사 건담 f91	gundam f91
기동전사 건담 seed destiny	gundam seed destiny
기동전사 건담 uc	gundam unicorn
기동전사 건담 zz	gundam zz
기동전사 건담 더블 오	gundam 00
기동전사 건담 철혈의 오펀스	mobile suit gundam tekketsu no orphans
기동전사 건담전기 lost war chronicles	mobile suit gundam lost war chronicles
기동전사건담 에이지	gundam age
기동전함 나데시코	martian successor nadesico
기동천사 엔젤릭 레이어	angelic layer
기드온 그레이	gideon grey
기로로	giroro
기리노 치바	kirino chiba
기모노	kimono
기생수	parasyte
기생충	parasite
기숙학교의 줄리엣	kishuku gakkou no juliet
기스 하워드	geese howard
기어스 오브 워	gears of war
기어와라! 냐루코 양	haiyore nyaruko-san
기어전사 덴도우	gear fighter dendoh
기저귀	diaper
기젯	gidget
기타 히어로	guitar hero
기타도라	guitarfreaks and drummania
긴 혀	long tongue
긴타로	kintoki sakata	sakata kintoki
길 잃은 고양이 오버런!	mayoi neko overrun
길드워 2	guild wars
길모퉁이 마족	machikado mazoku
길몬	guilmon
길버트 g. p. 길퍼드	gilbert g.p. guilford
길버트 듀랜달	gilbert durandal
길티 기어	guilty gear
길티 크라운	guilty crown
김갑환	kim kaphwan
까이유	caillou
꼬깔모자 삼총사	the littl bits
꼬꼬마 텔레토비	teletubbies
꼬리	tail
꼬리 플러그	tail plug
꼬리로 생식기를 자극	tailjob
꼬마 공룡 딩크	dink the little dinosaur
꼬마공주 유시	petite princess yucie
꼬마마법사 레미	ojamajo doremi
꼬마숙녀 치에	jarinko chie
꼬마탐정 가제트	gadget boy and heather
꼭두각시 서커스	karakuri circus
꽃나라 요술봉	pastel yumi
꽃의 시녀 고딕 메이드	gothicmade
꽃의 아스카 조직	hana no asuka-gumi
꽃의 천사 메리벨	floral magician mary bell
꽃이 피는 첫걸음|이로하	hanasaku iroha
꽃천사 루루	hana no ko lunlun
꾸러기 닌자 토리	ninja hattori-kun
꾸러기 마녀 노노	yadamon
꿀벌녀	bee girl
꿈빛 파티시엘	yumeiro patissiere
꿈을 먹는 메리	yumekui merry
꿈의 크레용 왕국	yume no crayon oukoku
나가레 아카츠키	nagare akatsuki
나가세 미나토	minato nagase
나가토	nagato
나가토 유키	yuki nagato
나고야 치아키	chiaki nagoya
나구모 시노부	shinobu nagumo
나기 이치노세	nagi ichinose
나기사 모모에	nagisa momoe
나기사 아이자와	nagisa aizawa
나기사 아카츠키	nagisa akatsuki
나기사 치바	nagisa chiba
나기사 카오루	kaworu nagisa
나기사 후루카와	nagisa furukawa
나나 베리아 데빌루크	nana asta deviluke
나나 오사키	nana osaki
나나리 람페르지	nunnally vi britannia
나나미 노노	hurricane blue
나나미 루치아	lucia nanami
나나미 심슨	nanami simpson
나나미 진나이	nanami jinnai
나나미 타카츠키	nanami takatsuki
나나세 고토부키	nanase kotobuki
나나세 마츠우라	nanase matsuura
나나세 하루카	haruka nanase
나나와 카오루	nana to kaoru
나나카 6/17	nanaka 6-17
나나카세 야시로	yashiro nanakase
나나코 sos	nanako sos
나나코 야마모토	nanako yamamoto
나나코 쿠로이	nanako kuroi
나나코 해체진서	amazing nurse nanako
나나호 긴죠	nanaho kinjo
나는 전설이다	i am legend
나는 친구가 적다|나친적	boku wa tomodachi ga sukunai
나니 펠레카이	nani pelekai
나단 드레이크	nathan drake
나단 세이무어	nathan seymour
나단 아담스	keita amano
나디아 라 아르월	nadia la arwall
나라 시카마루	shikamaru nara
나락	naraku
나루 아라타	naru arata
나루세가와 나루	naru narusegawa
나루에의 세계	narue no sekai
나루코	naruko
나루토	naruto
나루호도 류이치	phoenix wright
나루호도 미누키	trucy wright
나만이 없는 거리	boku dake ga inai machi
나몰빼미	rowlet
나미	nami
나미카제 미나토	minato namikaze
나서스	nasus
나세 아스미	asumi nase
나에게 천사가 내려왔다!	watashi ni tenshi ga maiorita
나에기 마코토	makoto naegi
나오 다카나시	nao takanashi
나오 세리자와	nao serizawa
나오 요코야마	nao yokoyama
나오 칸자키	kanzaki nao
나오미 아미티지	naomi armitage
나오미 플루겔	naomi fluegel
나오코 아카기	naoko akagi
나오키 미키	miki naoki
나오후미 이와타니	naofumi iwatani
나옥수	reika tamaki
나와라! 코쿠리씨	gugure kokkuri-san
나우시카	nausicaa
나의 주인님	he is my master
나의 피코	boku no pico
나의 히어로 아카데미아	my hero academia
나이젤 쏜베리	nigel thornberry
나이츠 인투 드림즈	nights into dreams...
나이트 위저드	night wizard
나이트 인 더 우즈	night in the woods
나이트메어	a nightmare on elm street
나자 애플필드	nadja applefield
나즈나 히와타시	nazuna hiwatashi
나지카 전격작전	najica blitz tactics
나체만	nudity only
나츠 드래그닐	natsu dragneel
나츠메 레이코	reiko natsume
나츠메 모리사와	natsume morisawa
나츠메 쓰치미카도	natsume tsuchimikado
나츠메 아마노	natsume amano
나츠메 아사히나	natsume asahina
나츠메 우인장	natsumes book of friends
나츠미 미즈키	natsumi mizuki
나츠미 스즈하라	natsumi suzuhara
나츠미 츠지모토	natsumi tsujimoto
나츠야 키리시마	natsuya kirishima
나츠키 나카가와	natsuki nakagawa
나츠키 린	cure rouge	rin natsuki
나츠키 사사하라	natsuki sasahara
나츠키 사카키	natsuki sakaki
나츠키 스바루	subaru natsuki
나츠키 시노하라	natsuki shinohara
나츠키 쿠가	natsuki kruger	natsuki kuga
나치	nazi
나카노 아즈사	azusa nakano
나카마치 카나	kana nakamachi
나카무라 유리	yuri nakamura
나카지마 요코	youko nakajima
나코루루	nakoruru
나쿠루 나루미	nakuru narumi
나키아	nakia
나탈 버지룰	natarle badgiruel
나토리 슈이치	natori shuuichi
나톨라 에이누스	natola einus
나해미	satsuki miyanoshita
낙원추방	expelled from paradise
낙제기사의 영웅담	rakudai kishi no cavalry
낚시왕 강바다	grander musashi
난 페어리랜드가 싫어	i hate fairyland
난부 야스오	yasuo nanbu
난생이거나 안에 알이 들어있음	eggs
난쟁이	midget
날개	wings
날씨의 아이	tenki no ko
날아라 방울방울 친구들	shizuku
날아라 삼총사	once upon a forest
날아라 이사미	tobe isami
남남여 쓰리썸	mmf threesome
남남트젠 쓰리썸	mmt threesome
남부의 노래	song of the south
남성	male
남여트젠 쓰리썸	mtf threesome
남자 고교생의 일상	danshi koukousei no nichijou
남자x후타나리	male on futanari
남자만	guys only	males only
남트젠트젠 쓰리썸	ttm threesome
남학생	schoolboy
남학생 교복	schoolboy uniform
남학생 유니폼	schoolboy uniform
내 뇌 속의 선택지가 학원 러브 코미디를 전력으로 방해하고 있다	ore no nounai sentakushi ga gakuen love comedy wo zenryoku de jama shiteiru
내 몸속 이야기	inner workings
내 여동생이 이렇게 귀여울 리가 없어|내여귀	ore no imouto ga konna ni kawaii wake ga nai
내 여자친구와 소꿉친구가 완전 수라장	ore no kanojo to osananajimi ga shuraba sugiru
내 이름은 펑키	punky brewster
내 이야기!!	ore monogatari
내가 아가씨 학교에 '서민 샘플'로 납치당한 사건	shomin sample
내가 인기 없는 건 아무리 생각해도 너희들 탓이야!	its not my fault that im not popular
내가 인기 있어서 어쩌자는 거야	watashi ga motete dousunda
내사랑 지니	i dream of jeannie
내일을 향해 쏴라	butch cassidy and the sundance kids
내일의 나쟈	ashita no nadja
내일의 요이치	asu no yoichi
내일의 죠	ashita no joe
낸시 그리블	nancy gribble
낸시 칼라한	nancy callahan
낸시 휠러	nancy wheeler
냄세나는	smell
냐루코	nyaruko
냥코이!	nyan koi
너구리 소녀	raccoon girl
너굴	tom nook
너무 큰 생식기나 물건이 들어가서 복부가 과장되게 튀어나옴	stomach deformation
너스위치 코무기짱	nurse witch komugi
너에게 닿기를	kimi ni todoke
너와 나의 최후의 전장, 혹은 세계가 시작되는 성전	kimi to boku.
너의 이름은.	kimi no na wa.
너의 이름은. another side: earthbound	earthbound
너클즈 디 에키드나	knuckles the echidna
네가소닉 틴에이지 워헤드	negasonic teenage warhead
네기 스프링필드	negi springfield
네나 트리니티	nena trinity
네네 고노에	nene konoe
네드 플랜더스	ned flanders
네로 바네티	nero vanetti
네메시스	nemesis
네모	little nemo
네모 선장	captain nemo
네모바지 스폰지밥	spongebob squarepants
네버엔딩 스토리	the neverending story
네오스팀	neo steam
네이 모 한	nei mo han
네이머	namor mckenzie
네이티리	neytiri
네카네 스프링필드	nekane springfield
네코 무수메	neko musume
네코마타	nekomata
네코파라	nekopara
네크로필리아	necrophilia
네토라레	netorare
네토라세	netorase
네트 샤인즈	lan hikari
네펠타리 비비	vivi nefertari
네프기어	nepgear
넥키 바사라	basara nekki
넬 투	nelliel tu odelschwanck
넬로 다스	nello daas
넵튠	neptune
노 게임·노 라이프|노겜노라	no game no life
노 맨즈 스카이	no mans sky
노 모어 히어로즈	no more heroes
노기자카 하루카의 비밀	nogizaka haruka no himitsu
노노 다이치	nono daichi
노다 코토네	kotone noda
노다메 칸타빌레	nodame cantabile
노도카 사오토미	nodoka saotome
노라 발키리	nora valkyrie
노라가미	noragami
노래의☆왕자님♪	uta no prince-sama
노리 사쿠라다	nori sakurada
노리마키 센베	senbei norimaki
노리마키 아라레	arale norimaki
노리코	ajiyoshi noriko	noriko ajiyoshi
노리코 모모이	noriko momoi
노리코 이소베	noriko isobe
노리코 타카야	noriko takaya
노만	norman babcock
노만 베이츠	norman bates
노벰버 아나벨라 테라	nova terra
노보루 타키	noboru taki
노부나가 콘체르토	nobunaga concerto
노부코 요코카와	nobuko yokokawa
노석구	nobisuke nobi
노아 엔	noa ehn
노아 이즈미	noa izumi
노에인 또 하나의 너에게	noein
노엘	noelle
노엘 버밀리온	noel vermillion
노엘 실바	noelle silva
노예	slave
노예 생활 -teaching feeling-	dorei to no seikatsu
노을빛으로 물드는 언덕	akaneiro ni somaru saka
노이트라 질가	nnoitra gilga
노인	old man
노조미 키리야	nozomi kiriya
노진구	nobita nobi
노출증	exhibitionism
노틀담의 꼽추	the hunchback of notre dame
노하라 린	rin nohara
노하라 히로시	hiroshi nohara
녹티스 루시스 카일룸	noctis lucis caelum
논 마나카	non manaka
논논비요리	non non biyori
놀러 갈게!	asobi ni iku yo
놈 스펠맨	norm spellman
농림	no-rin
뇌와 관련된 섹스	brain fuck
누 파가디!	nu pogodi
누가 로저 래빗을 모함했나	who framed roger rabbit
누누와 윌럼프	willump
누라리횬의 손자	nurarihyon no mago
누리공	popplio
누에노 메이스케	meisuke nueno
눈가리개	blind	blindfold	eyemask
눈에 정액 뿌리기	cum in eye
눈에다 섹스	eye penetration
눈을 가린 앞머리	eye-covering bang
눈의 동공에 하트나 별 같은 특별한 모양이 있음	unusual pupils
뉴 모두의 골프	minna no golf
뉴 뮤턴트	new mutants
뉴먼 애슬레틱스	numan athletics
느와르	noir	noire
늑대	wolf
늑대녀	wolf girl
늑대소년	wolf boy
늑대아이	ookami kodomo no ame to yuki
늑대와 향신료|늑향	spice and wolf
니건	negan
니까리 아오에	nikkari aoe
니나 아인슈타인	nina einstein
니나 윌리엄스	nina williams
니나 포트너	anna liebert
니나 하퍼	nina harper
니노 나카노	nino nakano
니노미야 군에게 애도를	goshuushou-sama ninomiya-kun
니노미야 아스카	asuka ninomiya
니노미야 히나코	hinako ninomiya
니노쿠니 하얀 성회의 여왕	ni no kuni
니달리	nidalee
니들리스	needless
니모를 찾아서	finding nemo
니삭스	kneesock
니세코이	nisekoi
니시미야 쇼코	shouko nishimiya
니시오 니시키	nishiki nishio
니시자와 모모카	momoka nishizawa
니시조노 신스케	shinsuke nishizono
니시즈미 미호	miho nishizumi
니시키노 마키	maki nishikino
니아	nate river
니아 텟페린	nia teppelin
니어 오토마타	nier automata
니어:오토마타	nier automata
니지무라 오쿠야스	okuyasu nijimura
니지산지	nijisanji
니코	neeko
니코 로빈	nico robin
니코 미노루	nico minoru
니코 야자와	nico yazawa
니콜 아말피	nicol amalfi
니콜 워터슨	nicole watterson
니키 웡	nikki wong
니토리 아이이치로	aiichirou nitori
닉	nick birch
닉 와일드	nick wilde
닉 퓨리	nick fury
닌자	ninja
닌자 가이덴	ninja gaiden
닌자 거북이	teenage mutant ninja turtles
닌자 화이트	tsuruhime
닌자라	ninjala
닌자보이 란타로	nintama rantaro	nintama rantarou
닌자보이 랜디	randy cunningham 9th grade ninja
닌자의 왕	nabari no ou
닌쿠	ninku
님파도라 통스	nymphadora tonks
닛타 미나미	minami nitta
다가시카시	dagashi kashi
다나 스컬리	dana scully
다나 탄	dana tan
다다미 넉 장 반 세계일주	the tatami galaxy
다람이	sandy cheeks
다람이와 고슴도치	squirrel and hedgehog
다람쥐녀	squirrel girl
다리를 사용해 자극함	legjob
다리아	daria
다리아 모르겐도퍼	daria morgendorffer
다마고치	tamagotchi
다수의 남성기	multiple penises
다수의 유방	multiple breasts
다수의 질	multiple vaginas
다스 몰	darth maul
다스 베이더	anakin skywalker	darth vader
다시 루이스	darcy
다운 섬머스	dawn summers
다윈 워터슨	darwin watterson
다윈즈 게임	darwins game
다이 다카바야시	dai takabayashi
다이가 오카지마	taiga okajima
다이가 후지무라	taiga fujimura
다이도우지 토모요	daidouji	tomoyo daidouji
다이버젠스 이브	divergence eve
다이사쿠 쿠사마	daisaku kusama
다이스케 니와	daisuke niwa
다이아나 캐번디시	diana cavendish
다이아몬드 a	daiya no ace
다이아몬드 티아라	diamond tiara
다이애나	diana
다이애나 롬바르디아	diana lombard
다이앤 서스톤	diane thurston
다이치 사와무라	daichi sawamura
다이치 시지마	daichi shijima
다이콘	daicon
다이키치 카와치	daikichi kawachi
다이하드	die hard
다이헤이 도마	taihei doma
다잉 라이트	dying light
다즐링	darjeeling
다카포	da capo
다카포 2	da capo ii
다케히코 이토	uchuu eiyuu monogatari
다켄	daken
다크 어벤저스	dark avengers
다크 크리스탈	the dark crystal
다크 클라우드 2	dark chronicle
다크사이더스	darksiders
다크사이드	darkseid
다키스트 던전	darkest dungeon
다프네 블레이크	daphne blake
닥터	cobra commander
닥터 둠	doctor doom
닥터 라이트	doctor light
닥터 쇼	sebastian shaw
닥터 스톤	dr. stone
닥터 스트레인지	doctor strange
닥터 에그맨	dr. robotnik
닥터 옥토퍼스	doctor octopus
단간론파	danganronpa
단간론파 희망의 학교와 절망의 고교생	zetsubou
단독 후타나리	sole dickgirl
단독남성	sole male
단독여성	sole female
단칸방의 침략자!?	rokujouma no shinryakusha
단행본	tankoubon
달라붙는 옷	skinsuit
달링 인 더 프랑키스	darling in the franxx
달빛천사	full moon wo sagashite
달심	dhalsim
달에 다가서는 소녀의 작법	tsuki ni yorisou otome no sahou
달콤살벌 미스터 캣	kid vs. kat
달콤함과 번개	amaama to inazuma
닷 워너	dot warner
당가이오	dangaioh
당나귀	donkey
대너리스 타가리엔	daenerys targaryen
대니 팬텀	danny phantom	danny fenton
대니엘 문스타	danielle moonstar
대도서관의 양치기	daitoshokan no hitsujikai
대디스 홈	daddys home
대마인 유키카제	taimanin yukikaze
대머리	bald
대물	horse cock
대쉬	dash parr
대쉬 백스터	dash baxter
대자연의 마수 버기	bagi the monster of mighty nature
대전 격투 게임	strider
대전대 고글파이브	dai sentai goggle v
대즐러	dazzler
대체됨	replaced
대탈주	the great escape
대피 덕	duck dodgers	daffy duck
댄 쿠소	daniel kuso
댄 헤일런	dan halen
댄 히비키	dan hibiki
댄스 위드 데빌스	dance with devils
댄스 인 더 뱀파이어 번드	dance in the vampire bund
더 넛셱	the nutshack
더 모디파이어즈	the modifyers
더 버즈 온 매기	the buzz on maggie
더 브레이브	true grit
더 브레이브 리틀 토스터	the brave little toaster
더 와일드 쏜베리스	the wild thornberrys
더 울프 어몽 어스	the wolf among us
더 칩멍크	alvin and the chipmunks
더 클리브랜드 쇼	the cleveland show
더 킹 오브 파이터즈	king of fighters
더 틱	the tick
더 파이팅	hajime no ippo
더 프라우드 패밀리	the proud family
더글라스 빌링햄	douglas billingham
더블애널	double anal
더티페어	dirty pair
더티페어 플래시	dirty pair flash
더피 후브즈	derpy hooves
던전 앤 드래곤	dungeons and dragons
던전밥	dungeon meshi
던전앤파이터	dungeon fighter online
던전에서 만남을 추구하면 안 되는 걸까|던만추	dungeon ni deai o motomeru no wa machigatteiru darou ka
던컨 로젠블랫	duncan rosenblatt
덤보	dumbo
덩케르크	dunkirk
데드 라이징	dead rising
데드 바이 데이라이트	dead by daylight
데드 스페이스	dead space
데드 아일랜드	dead island
데드 프린세스	shikabane hime
데드맨 원더랜드	deadman wonderland
데드풀	deadpool
데렉 헤일	derek hale
데리 아다이	darry adai
데몬즈 소울	demons souls
데미는 이야기하고 싶어	demi-chan wa kataritai
데미언 웨인	damian wayne
데미트리 막시모프	demitri maximoff
데브라	dabura
데블파이터	shin megami tensei devil children
데비 쏜베리	debbie thornberry
데빌 메이 크라이	devil may cry
데빌 서바이버 2	devil survivor 2
데빌맨	devilman
데스 더 키드	death the kid
데스 디파잉: 어느 마술사의 사랑	death defying acts
데스 레이스	death race
데스 스트랜딩	death stranding
데스노트	death note
데스마치에서 시작되는 이세계 광상곡	death march kara hajimaru isekai kyousoukyoku
데스스마일즈	deathsmiles
데스스트로크	deathstroke	slade wilson
데스윙	deathwing
데스티니 2	destiny
데스티니 차일드	destiny child
데실 가레트	desil galette
데이다라	deidara
데이빗 카웨나	david kawena
데이어스 엑스	deus ex
데이지 공주	princess daisy
데이지 덕	daisy duck
데이트 어 라이브|데어라	date a live
데인저 마우스	danger mouse
데자 토리스	dejah thoris
데터네이터 오간	detonator orgun
데포니아	deponia
덱스터의 실험실	dexters laboratory
델타룬	deltarune
도검난무	touken ranbu
도구를 사용해 오르가즘에 도달하지 못하도록 함	orgasm denial
도그 더 바운티 헌터	dog the bounty hunter
도그 데이즈|복날	dog days
도나 튜브스	donna tubbs
도나 트로이	donna troy
도널드 덕	donald duck
도니 쏜베리	donnie thornberry
도돈파치	dodonpachi
도라	dora marquez
도라 디 익스플로러	dora the explorer
도라 위니프레드 리드	dora winifred read
도라미	dorami
도라에몽	doraemon
도렐 로나	dorel ronah
도로로	dororo
도로롱 염마군	dororon enma-kun
도로시 게일	dorothy gale
도로시 카탈로니아	dorothy catalonia
도로헤도로	dorohedoro
도론죠	doronjo
도마뱀 남	lizard guy
도마뱀 소녀	lizard girl
도몬 캇슈	domon kasshu
도미닉 소렐	dominic sorel
도바킨	dovahkiin
도박묵시록 카이지	kaiji
도복	dougi
도사의 무녀	toji no miko
도시락 전쟁	ben-to
도시은	azumi hidaka
도시조 히지카타	toshizou hijikata
도와줘! 리듬 히어로	elite beat agents
도우미 여우 센코 씨	sewayaki kitsune no senko-san
도이 한스케	hansuke doi
도조지 설화	ai hidaka	kiyohime
도쿄 구울	tokyo ghoul
도쿄 레이븐즈	tokyo ravens
도쿄 매그니튜드 8.0	tokyo magnitude 8.0
도쿄 방과후 서모너즈	tokyo afterschool summoners
도쿄 언더그라운드	tokyo underground
도쿄 정글	tokyo jungle
도쿠가미네 리루카	dokuga	riruka dokugamine
도타 2	defense of the ancients
독수리 오형제	gatchaman
독일어	german
독타|닥터	doctor
돈 스타브	dont starve
돈키호테 도플라밍고	donquixote doflamingo
돌고래	dolphin
돌고래 요정 티코	tico of the seven seas
돌로레스 엄브릿지	dolores	dolores umbridge
돌아가는 펭귄드럼	mawaru penguindrum
동경 babylon	tokyo babylon
동굴 이야기	cave story
동글이 버드 하비	harvey beaks
동급생	doukyuusei
동물x동물	animal on animal
동물x수인	animal on furry
동물귀	kemonomimi
동물의 숲	animal crossing
동방 프로젝트|동프	touhou project
동시 삽입	double penetration
동인지	doujinshi
동쪽의 에덴	eden of the east
동키콩	donkey kong
돼지	pig
돼지남	pig man
돼지녀	pig girl
두 사람은 프리큐어 splash star	futari wa precure splash star	pretty cure splash star
두근두근 마녀신판!	doki doki majo shinpan
두근두근 메모리얼	tokimeki memorial
두근두근 투나잇	tokimeki tonight
두근두근! 프리큐어	dokidoki precure
두들리 더즐리	dudley
둘시네아	dulcinea
둠	doom
뒤떨어진 후르츠 타르트	ochikobore fruit tart
듀라라라!!	durarara
듀얼! 패러렐룬룬 이야기	dual parallel trouble adventure
듀얼마스터즈	duel masters
듀오 맥스웰	duo maxwell
듀이 덕	dewey duck
듀크 뉴켐	duke nukem
드라갈리아 로스트	dragalia lost
드라마티컬 머더	dramatical murder
드라켄 박사	dr. drakken
드라큘라	dracula
드래고너트 - 더 레조넌스-	dragonaut
드래곤	dragon
드래곤 길들이기	how to train your dragon
드래곤 나이트	dragon knight
드래곤 시류	dragon shiryu
드래곤 에이지: 인퀴지션	dragon age
드래곤 퀘스트	dragon quest
드래곤 퀘스트 10	dragon quest x
드래곤 퀘스트 11	dragon quest xi
드래곤 퀘스트 3	dragon quest iii
드래곤 퀘스트 6	dragon quest vi
드래곤 퀘스트 8	dragon quest viii
드래곤 퀘스트 iv	dragon quest iv
드래곤 퀘스트 v	dragon quest v
드래곤 퀘스트 viii: 하늘과 바다와 땅과 저주받은 공주	dragon quest vii
드래곤 퀘스트 빌더즈 아레프갈드를 부활시켜라	dragon quest heroes
드래곤 크라이시스!	dragon crisis
드래곤 프린스	the dragon prince
드래곤 하프	dragon half
드래곤 헌터	dragon hunters
드래곤: 던 오브 더 드래곤 레이서	dawn of the dragons
드래곤네스트	dragon nest
드래곤볼	dragon ball
드래곤볼 gt	dragon ball gt
드래곤볼 z	dragon ball z
드래곤볼 슈퍼	dragon ball super
드래곤즈 도그마	dragons dogma
드래곤포스	dragon force
드랙스 더 디스트로이어	drax the destroyer
드레곤 퀘스트 2	dragon quest ii
드레나이	draenei
드레드아웃	dreadout
드레이코 말포이	draco malfoy
드론 투게더	drawn together
드루아가의 탑	tower of druaga
드루피	droopy dog
드류 세터데이	drew saturday
드르젤라	drizella tremaine	grizela
드림 쏭	rock dog
드림페스!	dream festival
드림헌터 레무	dream hunter rem
드와이트 페어필드	dwight fairfield
들리나요? 진실의멜로디	ef a tale of memories
디 그레이맨	d.gray-man
디 오브롱스	the oblongs
디 이블 위딘	the evil within
디-프래그!	d-frag
디노 크라이시스	dino crisis
디디 피클즈	didi pickles
디디디 대왕	king dedede
디디콩	diddy kong
디란드 알바타우	dilandau albatou
디멘션 w	dimension w
디바인 게이트	divine gate
디센던츠	descendants
디스아너드	dishonored
디스인챈트	disenchantment
디아 쿠로사와	dia kurosawa
디아볼릭 러버즈	diabolik lovers
디아카 앨스먼	dearka elsman
디애나 소레일	dianna soreil
디애나 트로이	deanna troi
디어 브라더	oniisama e...
디오 브란도	dio brando
디조네이 존스	dijonay jones
디즈니 트위스티드 원더랜드	disney twisted-wonderland
디지몬	digimon
디지몬 세이버즈	digimon savers
디지몬 어드벤처	digimon adventure
디지몬 어드벤처 트라이	digimon adventure tri.
디지몬 유니버스 어플리 몬스터즈	digimon universe appli monsters
디지몬 크로스워즈	digimon xros wars
디지몬 테이머즈	digimon tamers
디지몬 프론티어	digimon frontier
디지캐럿	di gi charat
디지털	digital
디트로이트 메탈 시티	detroit metal city
디트로이트: 비컴 휴먼	detroit become human
디트하드 리드	diethard ried
디퍼 파인즈	dipper pines
딕 그레이슨	dick grayson	nightwing
딕 트레이시	dick tracy
딕걸끼리	dickgirl on dickgirl
딕걸이 여성에게	dickgirl on female
딘 윈체스터	dean winchester
딜런 비클러	dylan beekler
딥 펠라치오	deepthroat
따끈따끈 베이커리	yakitate japan
따라큐	mimikyu
딸	daughter
딸기 100%	ichigo 100
딸기 마시마로	ichigo mashimaro
땀	sweating
땅거미 거리 탐험대	yuuyami doori tankentai
땡땡의 모험	the adventures of tintin
떴다! 방울이	tama and friends
뚝딱뚝딱 밥 아저씨	bob the builder
뚱녀	bbw	weight gain
뚱뚱한 남자	bbm
라 세느의 별	la seine no hoshi
라 포리아 리하바인	la folia rihavein
라그나로크 온라인	ragnarok online
라나 라우드	lana loud
라나 랭	lana lang
라나 바움가트너	lana baumgartner
라나 케인	lana kane
라다만티스	rhadamanthys
라데츠	raditz
라라 사타린 데빌루크	lala satalin deviluke
라라 크로프트	lara croft
라라몬	lilamon
라라아 슨	lalah sune
라멘을 사랑하는 고이즈미상	ramen daisuki koizumi-san
라모나 플라워스	ramona flowers
라바나	raava
라바르바라 콘라드	labarbara conrad
라비 리비	rabi ribi
라비 칸자키	rabi kanzaki
라비니아 웨이틀리	lavinia whateley
라스	lars barriga
라스 알렉산더슨	lars alexandersson
라스베가스에서만 생길 수 있는 일	what happens in vegas
라스트 엑자일	last exile
라스트 오더	last order
라스트 오리진	last origin
라스트 오브 어스	the last of us
라우 르 크루제	rau le creuset
라이너 루트	ryner lute
라이더	rider
라이덴	raijin
라이드 백	rideback
라이딩 빈	riding bean
라이문도 페드로사	raimundo pedrosa
라이브온 카드리버	live on cardliver kakeru
라이브와이어	livewire
라이어 게임	liar game
라이언 킹	the lion king
라이자의 아틀리에 ~어둠의 여왕과 비밀의 은신처~	atelier ryza
라이치 페이 링	litchi faye ling	litchi faye-ling
라이프 이즈 스트레인지 2	life is strange
라인하르트	reinhardt
라일리	riley andersen
라일리 다링	riley daring
라일리 프리먼	riley freeman
라제폰	rahxephon
라즐로 캠프	camp lazlo
라쳇 &amp; 클랭크	ratchet and clank
라초 리조	ratso
라크스 클라인	lacus clyne
라테일	la tale
라텍스	latex
라푼젤	tangled
라플란드	lappland
락샤타 챠우라	rakshata chawla
란	fin e ld si laffinty
란 미타케	ran mitake
란 이소자키	ran isozaki
란 타카미네	ran takamine
란 판	lan fan
란도셀	randoseru
란마 12	ranma 12
란스	rance
란슬롯	lancelot
란제리	lingerie
란카 리	ranka	ranka lee
란포기담 game of laplace	rampo kitan game of laplace
랄프 존스	ralf jones
람	ram
람바 랄	ramba ral
래기디 앤	raggedy ann
래니 펜	laney penn
래리티	rarity
랜달 보그스	randall boggs
랜덤	random
랜도 캘리시언	lando calrissian
랜들 올랜드	randel oland
랠프 위검	ralph wiggum
랭고	rango
러그래츠	all grown up	rugrats
러브 라이브!	idol project
러브 라이브! 니지가사키 학원 스쿨 아이돌 동호회	love live nijigasaki high school idol club
러브라보	love lab
러브라이브 션샤인|럽라	love live sunshine
러브라이브|럽라	love live
러브큐브	love cube
러브플러스	love plus
러브히나	love hina
러시아어	russian
러키☆스타	lucky star
러프넛	ruffnut thorston
럭스	lux
럭스 아카디아	lux arcadia
럭키 루크	lucky luke
럭키 클로에	lucky chloe
럭키독1	lucky dog 1
럼블로즈	rumble roses
럼블피쉬	rumble fish
레 미제라블	les miserables
레 미제라블 소녀 코제트	les miserables shoujo cosette
레갈리아 the three sacred stars	regalia the three sacred stars
레고 무비	the lego movie
레골라스	legolas
레귤러 쇼	regular show
레나 루터	lena luthor
레나 혼조	rena honjo
레나몬	renamon
레넥톤	renekton
레니 라우드	leni loud
레니 레오나르드	lenny leonard
레니 버스커	lenore busker
레드 데드 리뎀션 2	red dead redemption
레드 레인저	red ranger
레드 피라미드	pyramid head
레드 핫 라이딩 후드	red hot riding hood
레드xiii	red xiii
레드라인	redline
레몬 백작	earl of lemongrab
레몬 야마노	remon yamano
레몬 엔젤 프로젝트	lemon angel project
레미 시마다	remy shimada
레미 알타와	emmy altava
레밀리아 스칼렛	remilia scarlet
레베카 커닝햄	rebecca cunningham
레베카 홀리데이	rebecca holiday
레베카 홉킨스	rebecca hawkins
레비	revy
레슬링	wrestling
레아 오르가나	princess leia
레오나 하이데른	leona heidern
레오리오	leorio paladiknight
레오몬	leomon
레오타드	leotard
레온 미시마	leon mishima
레옹	leon	leon the professional
레이	rey
레이 미야모토	rei miyamoto
레이 미에	rei mii
레이 자 바렐	rey za burrel
레이 쿠로키	rei kuroki
레이 쿠키	rei kuki
레이 키리야마	rei kiriyama
레이 타치바나	rei tachibana
레이 하세쿠라	rei hasekura
레이나 마에다	reina maeda
레이나 소호	reina soho
레이나 아쉬타	leina ashta
레이나 코사카	reina kousaka
레이디 데스스트라이크	lady deathstrike
레이디 블랙호크	lady blackhawk
레이디×버틀러!	ladies versus butlers
레이디와 트램프	lady and the tramp
레이레이	hsien-ko
레이리 카무라	reiri kamura
레이맨	rayman
레이몬 타로	tarou raimon
레이브	groove adventure rave
레이센 우동게인 이나바	reisen udongein inaba
레이시스	rasis
레이싱 모델	race queen
레이제이 마코	mako reizei
레이지	reiji kokonoe
레이지 고토부키	ai mikaze	reiji kotobuki
레이지 나미카와	reiji namikawa
레이철 레이턴	rachel leighton
레이철 서머스	rachel summers
레이첼 가드너	rachel gardner
레이첼 알카드	rachel alucard
레이카 미시마	reika mishima
레이카 오토리	reika otori
레이코 나가세	reiko nagase
레이코 미카미	reiko mikami
레이코 캐서린 아키모토	reiko katherine akimoto
레이튼 교수	professor layton
레이팡	lei fang
레인 미카무라	rain mikamura
레인 월드	rain world
레인 이와쿠라	lain iwakura
레인보우 대쉬	rainbow dash
레인보우 미카	rainbow mika
레인보우 식스 시즈	tom clancys rainbow six
레일라 바르트	leila barthes
레일라 해밀턴	layla hamilton
레전드 퀘스트	legend quest
레조넌스 오브 페이트	resonance of fate
레지나 로켓	regina rocket
레지던트 이블	resident evil
레코아 론도	reccoa londe
레터비	letter bee
레프트 4 데드	left 4 dead
레피야 비리디스	lefiya viridis
렉스 루터	lex luthor
렉스 살라자르	rex salazar
렉시 버니	lexi bunny
렌 미하시	ren mihashi
렌 세리자와	ren serizawa
렌 세토	ren seto
렌 코하	kouha ren
렌과 스팀피	the ren and stimpy show
렌지 토가시	renji togashi
렌탈 마법사	rental magica
렌튼 서스톤	renton thurston
렘	rem
렝가	rengar
로그	vampira
로그 갤럭시	rogue galaxy
로그 호라이즌	log horizon
로널드 맥도날드	ronald mcdonald
로니 앤	ronnie anne santiago
로도스도 전기	record of lodoss war
로드 오브 버밀리온	lord of vermilion
로드 파이터	plastic little
로드 플랜더스	rod flanders
로드호그	roadhog
로라 마츠다	laura matsuda
로랑 셰아크	loran cehack
로렌토	rolento
로렐 라이트풋	laurel lightfoot
로로나의 아틀리에 ~알란드의 연금술사~	atelier rorona
로리	loli
로리 내용이 있으나 비율이 적음	low lolicon
로리 라우드	lori loud
로리 머큐리	rory mercury
로리거유	oppai loli
로리락	lolirock
로마니 아키만	romani archaman
로맨싱 사가 2	romancing saga 2
로맨싱 사가 3	romancing saga	romancing saga 3
로메리 스톤	romary stone
로미오x줄리엣	romeo x juliet
로미오의 푸른 하늘	le ciel bleu
로베르타 로데스	roberta rhodes
로베르타 튜브스	roberta tubbs
로보틱스;노츠	robotics notes
로봇	robot
로봇 걸즈 z	robot girls z
로봇 소녀	robot girl
로봇보이	robotboy
로블록스	roblox
로비	robbie valentino
로비 싱클레어	robbie sinclair
로빈	stephanie brown	tim drake
로빈 세나	robin sena
로빈 특공대	rainbow sentai robin
로빈 후드	robin hood
로빈후드	robin hood
로스트 오디세이	lost odyssey
로스트 인 스페이스	lost in space	space family robinson
로스트사가	lost saga
로스트아크	lost ark
로이 머스탱	roy mustang
로이 하퍼	red arrow
로이드 가마돈	garma
로이드 아스플룬드	lloyd asplund
로이스 그리핀	lois griffin
로이스 레인	lois lane
로자리오와 뱀파이어	rosario vampire
로자미아 바담	rosamia badam
로잘리 헤일	rosalyn
로저	roger radcliffe
로제놈	lordgenome
로제타 파셀	rosetta passel
로제트 크리스토퍼 수녀	rosette christopher
로젠 메이든	rozen maiden
로젤리나	rosalina	rosetta
로즈	germaine
로즈 드위트 버케이터	rose dewitt bukater
로즈 윌슨	ravager	rose wilson
로즈 타일러	rose tyler
로즈 토마스	rose thomas
로즈 티코	rose tico
로즈마리 애플필드	rosemary applefield
로켓 라쿤	rocket raccoon
로켓 파워	rocket power
로쿠도 무쿠로	mukuro rokudo
로큐브!	ro-kyu-bu
로하스	roxas
록 리	rock lee
록 하워드	rock howard
록맨	megaman
록맨 x 시리즈	mega man x
록맨 zx	megaman zx
록맨 대시	mega man legends
록맨 제로	megaman zero
록산느 리치	roxanne ritchi
록온 스트라토스	neil dylandy
록키와 불윙클 쇼	the adventures of rocky and bullwinkle and friends
론 위즐리	ron weasley
론다 웰링턴 로이드	rhonda wellington lloyd
롤라 라우드	lola loud
롤라 버니	lola bunny
롤로노아 조로	roronoa zoro
롤리팝 체인소	lollipop chainsaw
롤링 걸즈	rolling girls
롬	rom
롯테의 장난감!	lotte no omocha
롱 라이더스	long riders
료 사카자키	ryo sakazaki
료나	ryona
료코	ryoko hakubi
료코 발타	ryoko balta
료코 스바루	ryoko subaru
료코 아사쿠라	ryoko asakura
료코 히시가와	ryoko hishikawa
료타 스즈이	ryouta suzui
루 루카	roux louka
루 룩스	lou roux
루나 공주	nightmare moon	princess luna
루나 라우드	luna loud
루나 러브굿	luna lovegood
루나마리아 호크	lunamaria hawke
루나틱스 언리쉬드	loonatics unleashed
루나프레나 녹스 플뢰레	lunafreya nox fleuret
루니 툰	looney tunes
루돌프	rudolph the red-nosed reindeer	rudolph
루디의 매직분필	chalkzone
루리 미야모토	ruri miyamoto
루리 미하시	ruri mihashi
루리 우메키	ruri umeki
루미너스 아크 2	luminous arc
루비아젤리타 에델펠트	luviagelita edelfelt
루시 데블린	lucy devlin
루시 라우드	lucy loud
루시 만	lucy mann
루시 반 펠트	lucy van pelt
루시 와일드	lucy wilde
루시 웨스튼라	lucy westenra
루시 하트필리아	lucy heartfilia
루시우스 말포이	lucius
루실 블루스	lucille
루안 라우드	luan loud
루안 플래터	luanne platter
루앤 밴 하우튼	luann van houten
루이 니노미야	rui ninomiya
루이 마키야마	rui makiyama
루이 아카나	rui akana
루이 카노야	rui kanoya
루이 코사카	rui kousaka
루이 키스기	rui kisugi
루이스 벨처	louise belcher
루이스 할레비	louise halevy
루이즈 프랑소와즈 르 블랑 드 라 발리에르	louise francoise le blanc de la valliere
루이지	luigi
루즈 노세다	luz noceda
루즈 더 뱃	rouge the bat
루카 레드그레이브	luka redgrave
루카 앙헬로니	luca angeloni
루카 우루시바라	ruka urushibara
루카리오	lucario
루카와 카에데	kaede rukawa
루크 스카이워커	luke skywalker
루크 아인워스	luke ainsworth
루크 폰 파브르	luke fon fabre
루크레치아 노인	lucrezia noin
루팡 3세	lupin iii
루퍼트 길스	rupert giles
룬 팩토리	rune factory
룰루	suzuhara lulu	lulu
류	ryu
류 하야부사	ryu hayabusa
류 호세	ryu jose
류가 고도쿠: 용과 같이	ryu ga gotoku
류가죠 나나나의 매장금	ryuugajou nanana no maizoukin
류구 레나	rena ryuuguu
류자키 우미	umi ryuuzaki
류지 사카모토	ryuji sakamoto
류지 야마자키	ryuji yamazaki
류크	ryuk
르블랑	leblanc
를루슈 랑페루주	black prince	lelouch vi britannia
리 메이링	meiling li
리 상	li shang
리 샤오랑	syaoran li
리 신	lee sin
리 크리에이터즈	re creators
리그 오브 레전드|롤	league of legends
리그비	rigby
리나 가자마츠리	rinna kazamatsuri
리나 오가타	rina ogata
리나 이즈미	rina izumi
리나 인버스	lina inverse
리나 타카미야	rina takamiya
리나리 리	lenalee lee
리네트 비숍	lynette bishop
리넷 스카보	lynette
리노 란도	rino rando
리누스 반 펠트	linus van pelt
리니지	lineage
리니지2	lineage ii
리들 조커	riddle joker
리들러	riddler	the riddler
리듬 세상	rhythm heaven
리디아	lydia
리디아 디츠	lydia deetz
리럭턴트 드래곤	the reluctant dragon
리루	liru
리루루	riruru
리루프릿	hime chen otogi chikku idol lilpri
리르 렌댜이스	llyr
리리	lili rochefort
리리나 도리안	relena peacecraft
리리스 브리스톨	lilith bristol
리리스 아사미	lilith asami
리리스몬	lilithmon
리리카 sos	nurse angel ririka sos
리림의 키스	lilim kiss
리멤버 미	remember me
리바이 아커만	levi ackerman
리버 송	river song
리베카 체임버스	rebecca chambers
리본즈 알마크	ribbons almark
리븐	riven
리비아의 게롤트	geralt of rivia
리사	lisa	lisa minci
리사 갈란드	lisa garland
리사 라우드	lisa loud
리사 심슨	lisa simpson
리사 이마이	lisa imai
리사나 스트라우스	lisanna strauss
리사리사	elizabeth joestar
리사코 니이야마	risako niiyama
리산드라	lissandra
리세 쿠지카와	rise kujikawa
리세스	recess
리아스 그레모리	rias gremory
리언 s. 케네디	leon s. kennedy
리얼 술래잡기	onigokko
리엔 네빌	lien neville
리오 나카무라	rio nakamura
리오 롤린스 타치바나	rio rollins tachibana
리오 포티아	lio fotia
리자 와일드먼	riza wildman
리자 호크아이	riza hawkeye
리젤마인	rizelmine
리즈 아르노	reese arno
리지 갈란드	lizzie garland
리츠 카게야마	ritsu kageyama
리츠 카와이	ritsu kawai
리카 도바시	rika dobashi
리카 미나미	rika minami
리카 사오토미	rika saotome
리카 시노자키	rika shinozaki
리카 카와다	rika kawada
리코 미네	riko mine
리코 사쿠라우치	riko sakurauchi
리쿠 타치바나	riku tachibana
리쿠오 누라	rikuo nura
리키	takeru takaishi
리키 무로이	riki muroi
리타 라우드	rita loud
리타 리펄사	rita repulsa
리타 시오르	rita sior
리틀 나이트메어	little nightmares
리틀 버스터즈	little busters
리틀 베어	little bear
리틀 위치 노베타	little witch nobeta
리틀 위치 아카데미아	little witch academia
리틀 프린세스 소피아	sofia the first
리틀빅플래닛	little big planet
리파	lyfa	suguha kirigaya
리파|키리가야 수구하	lyfa
리퍼	reaper
리포! 더 제네틱 오페라	repo the genetic opera
리플레이스먼트	the replacements
리호코 사쿠라이	rihoko sakurai
릭 산체스	rick sanchez
릭 앤 모티	rick and morty
린 라우드	lynn loud
린 야오	ling yao
린 카가	rin kaga
린 카미시로	rin kamishiro
린 코코노에	rin kokonoe
린 쿠로사와	rin kurosawa
린 쿠사카베	rin kusakabe
린 하루카	rin haruka
린나 야마자키	linna yamazaki
린네 이나바	rinne inaba
린다 벨처	linda belcher
린다 플라토	linda plato
린다 플린 플레처	linda flynn-fletcher
린의 날개	rean no tsubasa
린코 야마토	rinko yamato
린코 제라드	rinko jerrard
릴 큐일러	lil cuyler
릴라	turanga leela
릴로	lilo pelekai
릴로 & 스티치	lilo and stitch
릴루	leeloo minai lekatariba-lamina-tchai ekbat de sebat
릴리 시라이시	lily shiraishi
릴리 호시카와	lily hoshikawa
릴리루카 아데	liliruca arde
릴리안 데빌	lillian deville
릴리에	lillie
림월드	rimworld
립스틱 자국	lipstick mark
링	the ring
링 샤오유	ling xiaoyu
링 피트 어드벤처	ring fit adventure
링고 세토	ringo seto
링고 오기노메	ringo oginome
링고 키노시타	ringo kinoshita
링고 호시미야	ringo hoshimiya
링에 걸어라	ring ni kakero
링컨 라우드	lincoln loud
링컨의 집에서 살아남기	the loud house
링크	link
마 타이	ma-ti
마계전기 디스가이아	disgaea
마계촌	ghosts n goblins
마고	margo gru
마기	magi the labyrinth of magic
마기아 레코드 마법소녀 마도카 마기카 외전	puella magi madoka magica side story magia record
마나 오우마	mana ouma
마나미 긴조	manami kinjou
마나미 모리	manami mori
마나미 오쿠다	manami okuda
마나미 카스가	manami kasuga
마나베 노도카	nodoka manabe
마나츠 쿠로키	manatsu kuroki
마나케미아 2 ~떨어진 학원과 연금술사들~	mana khemia
마녀	witch
마녀 배달부 키키	kikis delivery service
마녀의 여행	majo no tabitabi
마놀로와 마법의 책	the book of life
마뉼라 나하사피-에마페틸론	manjula nahasapeemapetilon
마다라메 잇카쿠	ikkaku madarame
마담 밈	madam mim
마담 싸이코	s.t.a.l.k.e.r.
마더	earthbound zero
마더 3	mother 3
마도카 아구리	aguri madoka	cure ace
마도카 아마노	madoka amano
마도카 쿄우노	madoka kyouno
마도카 쿠기미야	madoka kugimiya
마도카 후지사키	madoka fujisaki
마라 제이드 스카이워커	mara jade skywalker
마루 밑 아리에티	the secret world of arrietty
마루코는 아홉살	chibi maruko-chan
마루후지 쇼	syrus truesdale
마류 라미아스	murrue ramius
마르두크 스크램블	mardock scramble
마르시아 브래디	marcia brady
마르코 디아즈	marco diaz
마르코 보트	marco bodt
마르타 웨인	martha wayne
마리 노비	marie nobi
마리 오하라	mari ohara
마리 음졸니르	marie mjolnir
마리 카츠라기	mari katsuragi
마리 카츠키	mari katsuki
마리 칸커	marie kanker
마리 타마키	mari tamaki
마리 하나조노	marie hanazono
마리나 이스마일	marina ismail
마리나 코이즈미	marina koizumi
마리아	momoko koigakubo
마리아 그레이스 플리드	maria grace fleed
마리아 로보트닉	maria robotnik
마리아 로스	maria ross
마리아 웡	maria wong
마리아 타카야마	maria takayama
마리아 힐	maria hill
마리아†홀릭	maria holic
마리아님이 보고계셔	maria-sama ga miteru
마리안느 쏜베리	marianne thornberry
마리오	mario
마리의 아틀리에 ~잘부르그의 연금술사~	atelier marie
마리카 타치바나	marika tachibana
마리카와 시즈카	shizuka marikawa
마리크 이슈타르	marik ishtar
마멀레이드 보이	marmalade boy
마모루 군에게 여신의 축복을!	mamoru-kun ni megami no shukufuku wo
마모루 군은 저주받아 버렸다!	mamoru-kun	mamoru-kun wa norowarete shimatta
마모루 엔도	mamoru endou
마물헌터 요코	devil hunter yohko
마미 후타미	mami futami
마법 소녀	magical girl
마법 소녀 프리티 사미	pretty sammy
마법과고교의 열등생	mahouka koukou no rettousei
마법기사 레이어스	magic knight rayearth
마법사 프리큐어!	maho girls precure
마법사에게 소중한 것	mahoutsukai ni taisetsu na koto
마법사의 밤	mahou tsukai no yoru
마법사의 신부	mahoutsukai no yome
마법선생 네기마!	mahou sensei negima
마법소녀 ai	mahou shoujo ai
마법소녀 따위 이제 됐으니까.	mahou shoujo nante mouiidesukara.
마법소녀 리리컬 나노하	mahou shoujo lyrical nanoha
마법소녀 마도카 마기카|마마마	puella magi madoka magica
마법소녀 메구짱	majokko megu-chan
마법소녀 육성계획	mahou shoujo ikusei keikaku
마법소녀 치클	majokko tickle
마법소녀대 아루스	mahou shoujo tai arusu
마법신화 라그나로크	ragnarok the animation
마법의 마코짱	mahou no mako-chan
마법의 스테이지 팬시라라	fancy lala
마법의 십자가 · 호쿠 레이나	mahou no juujin foxy rena
마법의 요정 페르샤	mahou no yousei persia
마법전대 매지레인저	mahou sentai magiranger
마법전사 리우이	rune soldier
마법진 구루구루	mahoujin guru guru
마부라호	maburaho
마브 여왕	queen mab
마브러브 얼터너티브 토탈 이클립스	muv-luv alternative total eclipse
마블 vs. 캡콤	marvel vs capcom
마비노기	mabinogi
마비노기 영웅전	vindictus
마비스	mavis dracula
마사 존스	martha jones
마사 켄트	martha kent
마사루 야다	masaru yada
마사무네 우사미	masamune usami
마사무네 타카노	takano masamune
마사무네의 리벤지	masamune-kun no revenge
마사미치 후지사와	masamichi fujisawa
마사야 아오야마	masaya aoyama
마사오미 키다	masaomi kida
마사요시 키무라	masayoshi kimura
마사유키 호리	masayuki hori
마사코 히노	masako hino
마샤	macha
마샬 d. 티치	marshall d. teach
마션 맨헌터	martian manhunter
마수필라미	marsupilami
마술 선배	tejina senpai
마술사 오펜	sorcerous stabber orphen
마슈	msyu
마슈란보	mushrambo
마스크	the mask
마스터 오브 오리온	master of orion
마스터 치프	master chief
마시	marcie
마시로 리마	rima mashiro
마시로 쿠나	mashiro kuna
마시마로 통신	the marshmallow times
마시바 쿠미	kumi mashiba
마야	maya
마야 나츠메	maya natsume
마야 블라이스	mahya blythe
마야 야마다	maya yamada
마야 이부키	maya ibuki
마에 휴즈	maes hughes
마에다 토시로	maeda toushirou
마에바라 케이이치	keiichi maebara
마에바리	vaginal sticker
마에카와 미쿠	miku maekawa
마오유우 마왕용사	maoyuu maou yuusha
마온 사쿠라다	maon sakurada
마왕학원의 부적합자 ~사상 최강의 마왕인 시조, 전생해서 자손들의 학교에 다니다~	maou gakuin no futekigousha
마요치키!	mayo chiki
마우드 파이	maud pie
마우스 소녀	mouse girl
마우스 킹	the secret of nimh
마유 미유키	mayu miyuki
마유 이나모리	mayu inamori
마유라 이치카와	mayura ichikawa
마유비검첩	manyuu hikenchou
마음이 외치고 싶어해	kokoro ga sakebitagatterunda.
마이 라이프 애즈 어 틴에이지 로봇	my life as a teenage robot
마이 리틀 포니: 우정은 마법	my little pony friendship is magic
마이 리틀 포니: 이퀘스트리아 걸스	equestria girls
마이 미나카미	mai minakami
마이 오토메	mai-otome
마이 카와카미	mai kawakami
마이 카즈키	magical emi	mai kazuki
마이 토비타	mai tobita
마이아 미즈키	maia mizuki
마이코 세리자와	maiko serizawa
마이코 오오하시	maiko oohashi
마이크	mike wazowski
마이크 브래디	mike brady
마이크 타이슨 미스테리	mike tyson mysteries
마이크 해거	mike haggar
마이클 트리니티	michael trinity
마이테츠	maitetsu
마이트 가이	might guy
마이티 b	the mighty b
마이티 no. 9	mighty no. 9
마이티 덕	mighty ducks
마이티 오봇츠	mighty orbots
마이히메	mai-hime
마인 부우	majin buu
마인드 컨트롤	mind control
마인크래프트	minecraft
마인탐정 네우로	majin tantei nougami neuro
마일즈 '테일즈' 프로워	miles tails prower
마자키 안즈	tea gardner
마저리 다우	margery daw
마저리 티렐	margaery tyrell
마제스틱 프린스	majestic prince
마지 심슨	marge simpson
마지마 고로	goro majima
마지막 공룡 덴버	denver the last dinosaur
마지막 유니콘	the last unicorn
마지카미	magicami
마진 본	majin bone
마징가 z	mazinger z
마츠다 토타	touta matsuda
마츠리 사에구사	matsuri saegusa
마츠마에 오하나	ohana matsumae
마츠모토 란기쿠	rangiku matsumoto
마츠오카 고우	gou matsuoka
마츠오카 린	rin matsuoka
마츠유키 아츠무	atsumu matsuyuki
마치코 발렌시아	angel omachi
마카 알반	maka albarn
마켄키	maken-ki
마코 모리	mako mori
마코 소메야	mako someya
마코토 니지마	makoto niijima
마코토 미즈하라	makoto mizuhara
마코토 사에키	makoto saeki
마코토 시도	makoto shido
마코토 이토	makoto itou
마코토 잇시키	makoto isshiki
마코토 콘노	makoto konno
마코토 휴가	makoto hyuga
마크로스	macross
마크로스 δ	macross delta
마크로스 프론티어	macross frontier
마크로스 플러스	macross plus
마크로스7	macross 7
마키 아이카와	maki aikawa
마키나미 마리 일러스트리어스	mari illustrious makinami
마키노하라 쇼코	shouko makinohara
마키마치 미사오	misao makimachi
마키무라 카오리	kaori makimura
마키세 크리스	kurisu makise
마키시마 사오리	saori makishima
마키시마 쇼고	shougo makishima
마탄의 왕과 바나디스	madan no ou to vanadis
마탐정 로키 라그나로크	matantei loki ragnarok	the mythical detective loki ragnarok
마토 쿠로이	mato kuroi
마토바 세이지	seiji matoba
마토우 사쿠라	sakura matou
마토이 류코	ryuuko matoi
마티	martis
마티 맥플라이	marty mcfly
마틴 미스터리	martin mystery
마틸다	mathilda lando
마틸다 아잔	matilda ajan
마하 고고고	speed racer
마호 카자미	maho kazami
마호라바	mahoraba
마호로	mahoro andou
마호로매틱	mahoromatic
마히로 무토	mahiro muto
마히루 이나미	mahiru inami
마히루 카스미	mahiru kasumi
마히루 코이즈미	mahiru koizumi
막부말rock	bakumatsu rock
만약 고교야구 여자 매니저가 피터드러커를 읽는다면	moshidora
만져라 탐정 오자와 리나	touch detective
만죠메 쥰	jun manjoume
만칸쇼쿠 마코	mako mankanshoku
만칸쇼쿠 마타로	mataro mankanshoku
만칸쇼쿠 바라조	barazo mankanshoku
만칸쇼쿠 스쿠요	sukuyo mankanshoku
만퉁퉁	takeshi gouda
만화가랑 어시스턴트랑	mangaka-san to assistant-san to
만화들의 전쟁	toonstruck
말	horse
말 소녀	horse girl
말 소년	horse boy
말괄량이 루시	lucy of the southern rainbow
말괄량이 삐삐	pippi longstocking
말괄량이 삼총사	totally spies
말랑요정 치치	pripri chi-chan
말하는 강아지 마사	martha speaks
맑음 때때로 뿌이뿌이	hare tokidoki buta
망가	manga
망념의 잠드	bounen no xamdou
맞춤법 안맞음	poor grammar
매기 심슨	maggie simpson
매니큐어	painted nails
매드 맥스: 분노의 도로	mad max	mad max fury road
매들린	madeline
매들린 펜튼	madeline fenton
매들린 프라이어	madelyne pryor
매디슨 러셀	madison russell
매스 이펙트	mass effect
매우 긴 머리	very long hair
매우 큰 자지	huge penis
매지카 드 스펠	edgar	magica de spell
매지컬 스위트 프리즘 나나	magical suite prism nana
매지컬 카난	magical kanan
매지컬 타루루토	magical taruruto-kun	magical taruruuto-kun
매지컬 할로윈	magical halloween
매직	illyana rasputina
매직 더 개더링	magic the gathering
매직 쾌두	magic kaito
매춘	prostitution
매튜	matt ishida
매트릭스	the matrix
매티	mattie ross
맥길리스 파리드	mcgillis fareed
맥스 구프	max goof
맥스 테니슨	max tennyson
맥스와 루비	max and ruby
맥크리	mccree
맨 인 블랙	men in black
맨 프롬 uncle	the man from u.n.c.l.e.
맹렬 우주해적	mouretsu pirates
머나먼 시공 속에서	harukanaru toki no naka de
머나먼 시공 속에서 3	harukanaru toki no naka de 3
머독 니컬스	murdoc niccals
머리카락으로 생식기를 자극	hairjob
머리카락을 수족처럼 다룸	prehensile hair
머시 그레이브	mercy graves
머신로보 바이칸-크로노스의 대역습	machine robo	machine robo revenge of cronos
머펫, 뉴욕을 점령하다	the muppets
멋진 이 세계	the world ends with you
멋진 징조들	good omens
멋진 탐정 라비린스	suteki tantei labyrinth
멍멍이녀	dog girl
메가라	megara
메가마인드	megamind
메가맨 배틀 네트워크	megaman battle network
메가스 xlr	megas xlr
메가존 23	megazone 23
메가트론	megatron
메구 칸자키	megu kanzaki
메구레 쥬죠	juzo megure
메구루 아키바	meguru akiba
메구루 와타세	meguru watase
메구리네 루카	luka megurine
메구미 노다	megumi noda
메구미 시미즈	megumi shimizu
메구미 아마츠카	megumi amatsuka
메구미 아야세	megumi ayase
메구미 오우미	megumi oumi
메구미 오카	megumi oka
메구미 키시모토	kei kishimoto
메구미 타도코로	megumi tadokoro
메구밍	megumin
메다로트	medabots
메다카 박스	medaka box
메두사	medusa
메루루의 아틀리에 ~알란드의 연금술사 3~	atelier meruru
메르세데스	mercedes de morcef
메르시	mercy
메리 맥지니스	mary mcginnis
메리 브롬필드	mary marvel
메리 사오토미	mary saotome
메리 왕	mary wang
메리 제인 왓슨	mary jane watson
메리 챔프	mary champ
메리 포핀스	mary poppins
메메 토와	meme touwa
메멘토	amnesia
메스이키	mesuiki
메어 벨로 피오레	mare bello fiore
메이	mei
메이 스노하라	mei sunohara
메이 웡	may wong
메이 쿠사카베	mei kusakabe
메이드	maid	maids
메이드 마리엔	maid marian
메이드 인 어비스	made in abyss
메이블 파인즈	mabel pines
메이아 기스본	meia gisborn
메이오 세츠나	setsuna meioh
메이즈 러너	maze runner
메이플스토리	maplestory
메인 히이라기	main hiiragi
메조 포르테	mezzo forte
메종일각	maison ikkoku
메즐	mezool
메타 나이트	meta knight
메탈 기어 솔리드	metal gear solid
메탈 맥스	metal max
메탈 소닉	metal sonic
메탈슬러그	metal slug
메탈파이터 미쿠	metal fighter miku
메텔	maetel
메트로 엑소더스	metro exodus
메트로이드	metroid
메트로폴리스	metropolis
메피스토	mephisto
멕 그리핀	meg griffin
멘조 하레	hare menjou
멜로	mihael keehl
멜로디 하니	melody honey
멜리사 덕	tina russo
멜리사 마오	melissa mao
멜리산드레	melisandre
명 팡 론	myung fang lone
명랑 개구리 뽕키치	dokonjou gaeru
명일방주	arknights
명탐정 번개	sherlock hound
명탐정 코난	detective conan
모 시즐랙	moe szyslak
모글리	mowgli
모나	mona	mona megistus
모녀덮밥	oyakodon
모노노케	mononoke
모노노케 히메	princess mononoke
모노베노	monobeno
모니카 아데나워	monica adenauer
모니크 캐딜락	monique cadillac
모던 패밀리	modern family
모두의 테니스	everybodys tennis
모드 플랜더스	maude flanders
모드레드	mordred
모래소년	desert punk
모로보시 아타루	ataru moroboshi
모로보시 키라리	kirari moroboshi
모르가나	morgana
모르간 르 페이	morgan lefay
모르지아나	morgiana
모리 란	ran mouri
모리 유키	yuki mori
모리 코고로	kogoro mouri
모리건 앤슬랜드	morrigan	morrigan aensland
모리야 리리카	ririka moriya
모리야마 시에미	shiemi moriyama
모리타카 마시로	moritaka mashiro
모모 베리아 데빌루크	momo velia deviluke
모모 잇시키	momo isshiki
모모 카와모토	momo kawamoto
모모 카와시마	momo kawashima
모모미 모모이	momomi momoi
모모미야 이치고	ichigo momomiya
모모에 마리아	maria momoe
모모요 카와카미	momoyo kawakami
모모조노 러브	cure peach	love momozono
모모코 시게노	momoko shigeno
모모코 하나사키	momoko hanasaki
모모코 하나조노	momoko hanazono
모모큔 소드	momo kyun sword
모브 사이코 100	mob psycho 100
모스라	mothra
모스티마	mostima
모아나	moana	moana waialiki
모야시몬	moyashimon
모에기	moegi
모에땅	moetan
모여라! 시튼 학원	murenase seton gakuen
모여봐요 동물의 숲	new horizon
모유 채취	milking
모음집	compilation
모이라	moira
모이라 맥타거트	moira mactaggert
모자이크 검열	mosaic censorship
모자장수	mad hatter
모조 조조	mojo jojo
모코나	mokona modoki
모탈 컴뱃	mortal kombat
모토코 아오야마	motoko aoyama
모토코 하라구치	motoko hara
모토키 하루나	motoki haruna
모토키 후루하타	motoki furuhata
모트	morty
모티 스미스	morty smith
모티머 마우스	ranulf
모티시아 아담스	morticia addams
모피어스	morpheus
모험왕 비트	beet the vandel buster
목걸이	collar
목마	wooden horse
목소리로 일하자!	koe de oshigoto
목소리의 형태	koe no katachi
목스터	monster
목장의 소녀 캐트리	katri girl of the meadows
몬무스 퀘스트	monster girl quest
몬스터	monster
몬스터 vs 에이리언	monsters vs aliens
몬스터 대학교	monsters university
몬스터 버스터 클럽	monster buster club
몬스터 스트라이크	monster strike
몬스터 아가씨가 있는 일상	monster musume no iru nichijou
몬스터 아가씨의 의사 선생님	monster musume no oisha-san
몬스터 주식회사	monsters inc.
몬스터 헌터	monster hunter
몬스터 헌터: 월드	monster world
몬스터 호텔	hotel transylvania
몬스터팜	monster rancher
몬스트리스	monstress
몬타 곤다	monta gonda
몬타나 맥스	montana max
몬타나 존스	montana jones
몰다이버	moldiver
몰리 커닝햄	molly cunningham
몰리 헤이즈	molly hayes
몰리 헤일	molly hale
몸에 글자 쓰기	body writing
못말리는 비버형제	the angry beavers
못말리는 어린양 숀	shaun the sheep
몽고메리 번스	charles montgomery burns
몽모랑시 마르가리타 라 페르 드 몽모랑시	montmorency margarita la fere de montmorency
몽키 d. 루피	monkey d. luffy
묘도인 이츠키	itsuki myoudouin
묘진 야히코	yahiko myojin
무녀	miko
무능한 나나	munou na nana
무라사키	murasaki
무로이 세이신	seishin muroi
무릎까지 오는 부츠	thigh high boots
무메이	mumei
무민트롤	moomintroll
무법자	bandaid
무사시	gen takekura
무시부교	mushibugyo
무쌍 오로치	warriors orochi
무우 라 프라가	mu la flaga
무인행성 서바이브	uninhabited planet survive
무장소녀 마키아벨리즘	busou shoujo machiavellianism
무장신희	busou shinki
무장연금	busou renkin
무적 간판 소녀	muteki kanban musume
무적고양이 팬텀	fantomcat
무적왕 트라이제논	tri-zenon
무적초인 점보트3	zambot 3
무직전생 ~이세계에 갔으면 최선을 다한다~	mushoku tensei
무채한의 팬텀 월드	myriad colors phantom world
무책임 함장 테일러	irresponsible captain tylor
무천도사	master roshi
무츠키 미나세	mutsuki minase
무카무카 파라다이스	muka muka paradise
무토 카즈키	kazuki muto
무토우 유우기	yami yugi	yugi mutou
무파사	mufasa
무표정 섹스	emotionless sex
무한의 리바이어스	infinite ryvius
무한의 주인	blade of the immortal
문 나이트	moon knight
문 버터플라이	queen moon butterfly
문어	octopus
문제아들이 이세계에서 온다는 모양인데요?	mondaiji-tachi ga isekai kara kuru sou desu yo
문학소녀	bungaku shoujo
문호 스트레이 독스	bungou stray dogs
문호와 알케미스트	bungou to alchemist
물고기	fish
물리적, 생물적 변화를 자세히 묘사함	transformation
뮤리엘 바게	muriel bagg
뮬란	mulan
미검열	uncensored
미겔	miguel rivera
미겔 로호	miguel caballero rojo
미나 디트린드 빌케	minna-dietlinde wilcke
미나 베프	mina beff
미나 시밍턴	mina simington
미나 테페시	mina tepes
미나 하즈키	mina hazuki
미나모토 시즈나	shizuna minamoto
미나미 시마다	minami shimada
미나미 시즈쿠	shizuku minami
미나미 카나	kana minami
미나미 카와시마	minami kawashima
미나미 코토리	kotori minami
미나미가	minami-ke
미나미노 카나데	cure rhythm	kanade minamino
미나미야 나츠키	natsuki minamiya
미나세 이오리	iori minase
미나즈키 카렌	cure aqua	karen minazuki
미나츠 시이나	minatsu shiina
미나코 사타케	minako satake
미나토 사하시	minato sahashi
미나토 오바	minato ooba
미나토소프트	nee chanto shiyou yo
미남고교 지구방위부 love!	binan koukou chikyuu bouei-bu love
미네르바 맥고나걸	minerva	minerva mcgonagall
미네르바 밍크	minerva mink
미네르바 캠벨	minerva campbell
미네르바의 부엉이	glaucus
미네바 라오 자비	mineva lao zabi
미녀와 야수	beauty and the beast	bijo de yajuu
미노타우로스	minoto
미니 마우스	minnie mouse	princess minnie
미니어쳐	minotaur
미도리 스기우라	midori sugiura
미도리 이마이	midori imai
미도리 카스가노	midori kasugano
미도리 쿠리야마	midori kuriyama
미도리 키사라기	midori kisaragi
미도리 하야카와	midori hayakawa
미도리가와 레타스	lettuce midorikawa
미도리노 마키바오	midori no makibao
미도리마 신타로	shintarou midorima
미도리의 나날	midori no hibi
미도리카와 나오	cure march	nao midorikawa
미도리코 소노	midoriko sono
미라 노바	mira nova
미라이 야시마	mirai yashima
미라이 쿠리야마	mirai kuriyama
미라큘러스: 레이디버그와 블랙캣	miraculous ladybug
미라클☆트레인	miracle train
미란다 라이트	miranda wright
미란다 로슨	miranda lawson
미란다 로토	miranda lotto
미래소년 코난	future boy conan
미래일기	mirai nikki
미레이 미나미	mirei minami
미레일 부케	mireille bouquet
미루루	miruru
미루타이츠	miru tights
미르 로투스	mir lotus
미륵	miroku
미리엘	miriel
미모사 베르밀리옹	mimosa vermillion
미미 우사	mimi usa
미사 카키자키	misa kakizaki
미사오 쿠사카베	misao kusakabe
미사와 다이치	bastion misawa
미사카 미코토	mikoto misaka
미사카 여동생	misaka-imouto
미사키 나카하라	misaki nakahara
미사키 르노	runo misaki
미사키 마츠야	misaki matsuya
미사키 메이	mei misaki
미사키 사이키	saiki misaki
미사키 스즈하라	misaki suzuhara
미사키 카리하라	misaki kirihara
미사키 토쿠라	misaki tokura
미사키 하야카와	misaki hayakawa
미사토 스구루	suguru misato
미션 임파서블	mission impossible
미셸 크리스피노	michele crispino
미소라 나오미	naomi misora
미소라 미나미노	misora minamino
미소라 츠키시마	misora tsukishima
미소라 카스가	misora kasuga
미쇼 마이	cure egret	cure windy
미숀	michonne
미쉘 "mj" 존스	michelle jones
미스 마션	miss martian
미스 모노크롬	miss monochrome
미스 브랜트	betty brant
미스 포츈	miss fortune
미스 피기	miss piggy
미스 허니	miss honey
미스미 나기사	cure black	nagisa misumi
미스즈 카미오	misuzu kamio
미스터 &amp; 미세스 스미스	mr. and mrs. smith
미스터 드릴러	mr. driller
미스터 미러클	mister miracle
미스터 믹시즈피틀릭	mister mxyzptlk
미스터 빈	mr. bean
미스터 사탄	mister satan
미스터 아짓코	mister ajikko
미스터 판타스틱	mister fantastic
미스트	myst
미스티 콘웰	misty cornwell
미스티 트레드웰	misty tredwell
미시마 카즈미	kazumi mishima
미시마 카즈야	kazuya mishima
미시마 헤이하치	heihachi mishima
미시즈 터너	mrs. turner
미쓰에 시조	mitsue shijo
미쓰이 히사시	hisashi mitsui
미아 기옘	mia guillem
미아 아게하	mia ageha
미아 앤 미	mia and me
미아 윈터스	mia winters
미아 코너리	mia connery
미야 아사마	miya asama
미야 타치바나	miya tachibana
미야나가 사키	saki miyanaga
미야비 호타카	miyabi hotaka
미야우치 렌게	renge miyauchi
미야자와 유키노	yukino miyazawa
미야카와 가의 공복	miyakawa-ke no kuufuku
미야코 시이나	miyako shiina
미야코 아사미	miyako asami
미오 기타하라	mio kitahara
미오 나루세	mio naruse
미오 사카모토	mio sakamoto
미완성	incomplete
미요 타카노	miyo takano
미우 다카나시	miu takanashi
미유 그리어	miyu greer
미유 야마노	miyu yamano
미유 에델펠트	miyu edelfelt
미유 쿠로이	miyuki kuroi
미유키 고바야카와	miyuki kobayakawa
미유키 나나세	miyuki nanase
미유키 다카라	miyuki takara
미유키 시바	miyuki shiba
미유키 이리에	miyuki irie
미유키 콘노	miyuki konno
미이라	the mummy
미즈노 아미	ami mizuno	sailor mercury
미즈키 이나바	mizuki inaba
미즈키 카호	kaho mizuki
미즈키 칸자키	mizuki kanzaki
미즈키 코토리	kotori mizuki
미즈하 미야마	mizuha miyama
미즈하라 코요미	koyomi mizuhara
미지 클럼프	midge klump
미츠루	mitsuru	mitsuru ashikawa
미츠루기 레이지	miles edgeworth
미츠오	mitsuo suwa
미츠키 나세	mitsuki nase
미츠키 사나다	mitsuki sanada
미츠하	mitsuha miyamizu
미치루 무나카타	michiru munakata
미치루 사오토미	michiru saotome
미치루 효도	michiru hyodo
미치코와 핫친	michiko to hatchin
미카 시모츠키	mika shimotsuki
미카 오기노	mika ogino
미카게 마츠나가	mika mikage	mikage matsunaga
미카사 아커만	mikasa	mikasa ackerman
미카엘라 베인스	mikaela banes
미카즈키 오거스	mikazuki augus
미카즈키 요조라	yozora mikazuki
미칸 사쿠라	mikan sakura
미칸 아케미	mikan akemi
미칸 츠미키	mikan tsumiki
미코 나카다이	miko nakadai
미코 사에구사	miko saegusa
미코 쿠보타	miko kubota
미쿠 나카노	miku nakano
미쿠루 나츠키	mikuru natsuki
미키 마우스	mickey mouse	miki
미키 사야카	sayaka miki
미키 오니마루	miki onimaru
미키 오쿠데라	miki okudera
미키 카오루	miki kaoru
미키스기 아이쿠로	aikuro mikisugi
미키히코 요시다	mikihiko yoshida
미타라시 앙코	anko mitarashi
미하루 시미즈	miharu shimizu
미하마 치요	chiyo mihama
미호 아즈키	miho azuki
미호코 후쿠지	mihoko fukuji
미확인으로 진행형	mikakunin de shinkoukei
민디	princess mindy
밀레나	mileena
밀레느 프레아 지너스	mylene flare jenius
밀레느 호프만	mylene hoffman
밀로 카말라니	milo kamalani
밀리 애쉬포드	milly ashford
밀리 톰슨	milly thompson
밀리아 파리나 지너스	milia fallyna jenius
밀리터리	military
밀림의 왕자 레오	kimba the white lion
밀실 수수께끼 풀기 버라이어티 탈출 게임 dero!	dero dero
밀프	milf
밀피오레 필리안느 비스코티	millhiore firianno biscotti
밀하우스 밴 하우튼	milhouse van houten
바나나 인 파자마	bananas in pyjamas
바나나 피쉬	banana fish
바나비 브룩스 주니어	barnaby brooks jr.
바냐 하그리브스	the white violin
바넬로피	vanellope von schweetz
바니 검블	barney gumble
바니 칼훈	barney calhoun
바니와 친구들	barney and friends
바다가 들린다	umi ga kikoeru
바다요정 스노크	the snorks
바다의 노래: 벤과 셀키요정의 비밀	song of the sea
바다의 트리톤	triton of the sea
바다이야기 ~당신이 있어 주었기에~	umi monogatari
바디 캡슐	strange journey
바디슈트	bodysuit
바디스타킹	bodystocking
바디페인팅	body painting
바라카몬	barakamon
바람	el viento
바람계곡의 나우시카	nausicaa of the valley of the wind
바람의 검심	rurouni kenshin
바람의 크로노아	klonoa
바렛 월레스	barret wallace
바루스	varus
바바	babar the elephant
바바 이즈 유	baba is you
바바라	barbara
바바라 페그	barbara pegg
바바렐라	barbarella
바버라 고든	barbara gordon
바베트	babette
바보걸	aho-girl
바보와 시험과 소환수	baka to test to shoukanjuu
바비	barbie
바비 볼튼	robert bolton jr
바비 브래디	bobby brady
바스 암스트롱	bass armstrong
바스쿼시!	basquash
바스티온	bastion
바실 카를로	clayface
바이	vi
바이스 크로이츠	weiss kreuz
바이오닉 코만도	bionic commando
바이오쇼크	bioshock
바이오쇼크 인피니트	bioshock infinite
바이올렛 에버가든	violet evergarden
바이올렛 파	violet parr
바인딩 오브 아이작	the binding of isaac
바카노!	baccano
바케모노가타리	bakemonogatari
바쿠고 카츠키	katsuki bakugou
바쿠라 료	ryou bakura	yami bakura
바쿠만	bakuman
바쿠온!!	bakuon
바키	grappler baki
바트 심슨	bart simpson	nelson muntz
바하무트 라군	bahamut lagoon
박살천사 도쿠로	bokusatsu tenshi dokuro-chan
박앵귀 ~신선조기담~	hakuouki
박영민	hidetoshi dekisugi
반 파넬	van fanel
반가워 스쿠비 두	scooby-doo
반달 새비지	vandal savage
반대 성별의 옷을 입음	crossdressing
반드레드	vandread
반딧불이의 묘	grave of the fireflies
반인반수 괴물	lamia
반조 카주이	banjo-kazooie
반지의 제왕	the lord of the rings
반짝이는 프리☆채널	kiratto pri chan
반코츠	bankotsu
발더스 게이트 3	baldurs gate
발레리아 베르토네	valeria vertone
발로란트	valorant
발록	balrog
발루	baloo
발에 밟힘	trampling
발을 삽입함	foot insertion
발을 핥음	foot licking
발키리 프로파일	valkyrie profile
발타자르 캐번디시	balthazar cavendish
발토	balto
발할라	va-11 hall-a
밤쉘: 세상을 바꾼 폭탄선언	bombshell
밤의 얏타맨	yoru no yatterman
밤이 또다시 찾아오고	yoru ga kuru
밤이 없는 나라	nights of azure
밥 벨처	bob belcher
밥스 버니	babs bunny
밧슈 더 스탬피드	vash the stampede
방가방가 햄토리	hamtaro
방과후의 플레이아데스	houkago no pleiades
방귀	farting
방뇨	urination
방독면	gasmask
방랑 소년	hourou musuko
방패 용사 성공담	tate no yuusha no nariagari
배꼽박이	navel fuck
배리 버튼	barry burton
배스커빌가의 개	the baskervilles
배트걸	batgirl
배트맨	crusader	batman	bruce wayne	terry mcginnis
배트맨 비욘드	batman beyond
배틀 로얄	battle royale
배틀 스피리츠	battle spirits
배틀 스피리츠 더블 드라이브	battle spirits double drive
배틀 캣	battle cat
배틀그라운드	playerunknowns battlegrounds
배틀테크	battletech
배틀필드	battlefield
백 투 더 퓨처	back to the future
백곰카페	shirokuma cafe
백마 탄 왕자	prince charming
백사의 나가	naga the serpent
백색증	albino
백설 공주와 일곱 난쟁이	snow white and the seven dwarfs
백은의 의지 아르제보른	argevollen
백합	yuri
백화요란 사무라이걸즈	hyakka ryouran samurai girls
밴디다스	bandidas
뱀	snake	snails
뱀 소녀	snail girl
뱀녀	snake girl
뱀부 블레이드	bamboo blade
뱀장어	eel
뱀파이어	vampire
뱀파이어 기사	vampire knight
뱀파이어 여왕 마르셀린	marceline the vampire queen
뱀파이어 헌터 d	vampire hunter d
뱀피렐라	vampirella
뱅드림	bang dream
버그 사냥꾼 글리치테크	glitch techs
버니큘라	bunnicula
버닝 포스	burning force
버독	bardock
버드 콤슨	bud compson
버디 썬더스트럭	buddy thunderstruck
버디 컴플렉스	buddy complex
버블검 공주	princess bubblegum
버블검 크라이시스	bubblegum crisis
버블검 크래쉬	bubblegum crash
버블보블	bubble bobble
버블스	miyako gotokuji
버서커	berserker
버즈 라이트이어	buzz lightyear
버즈 오브 프레이(할리 퀸의 황홀한 해방)	birds of prey
버추어 파이터	virtua fighter
버키 반스	bucky
버터스 스토치	butters stotch
버튜버	vtuber
버트헤드	butthead
벅스 버니	bugs bunny
번 더 위치	burn the witch
번업 스크램블	burn up scramble
벌레	worm
벌레공주님	mushihime-sama
벌룬 파이트	balloon fight
베네딕트 블루	benedict blue
베놈	venom
베디비어	bedivere
베로니카 로지	veronica lodge
베르나데트 로스텐코우스키	bernadetta
베르단디	belldandy
베르사이유의 장미	rose of versailles
베르세르크	berserk
베르톨트 후버	bertolt hoover
베리베리 뮤우뮤우	tokyo mew mew
베리어블 지오	variable geo
베벌리 크러셔	beverly crusher
베베 스티븐스	bebe stevens
베스 테즈카	beth tezuka
베스트 오퍼	deception
베시 히겐보텀	bessie higgenbottom
베아트리체 그레제	beatrice grese
베어 너클: 분노의 철권	streets of rage
베엘제붑	beelzebub
베요네타	bayonetta
베이그란트 스토리	vagrant story
베이비 보니 후드	b.b. hood
베이비 스텝	baby steps
베이워치: sos 해상 구조대	baywatch
베인	shauna vayne
베지터	vegeta
베키 파라	becky farrah
베터맨	betterman
베트남어	vietnamese
베티 데빌	betty deville
베티 로스	betty ross	red she-hulk
베티 루블	betty rubble
베티 바렛	betty barrett
베티 부프	betty boop
베티 쿠퍼	betty cooper
베티 퀸란	betty quinlan
벤 10	ben 10
벤 테니슨	ben tennyson
벤과 홀리의 작은 왕국	ben and hollys little kingdom
벤더 벤딩 로드리게즈	bender bending rodriguez
벤자민 버튼의 시간은 거꾸로 간다	the curious case of benjamin button
벤자민 히겐보텀	benjamin higgenbottom
벤처 브라더스	the venture bros.
벤티	venti
벨 클라넬	bell cranel
벨라 스완	bella swan	vampire girl
벨라트릭스 레스트랭	bellatrix lestrange
벨마 딩클리	velma dinkley
벨미어	bellemere
벨토치카 이르마	beltorchika irma
벼랑 위의 포뇨	ponyo
벽람항로	azur lane
벽에 끼어서 움직일 수 없음	stuck in wall
변덕스러운 오렌지로드	kimagure orange road
변변찮은 마술강사와 금기교전	rokudenashi majutsu koushi to akashic records
변신	transformation
변태왕자와 웃지 않는 고양이	hentai ouji to warawanai neko
변형계	x change
별나라 공주님	lady lovely locks and the pixietails
별의 목소리	voices of a distant star
별의 커비	kirby
병 속의 요정	binzume yousei
보 핍	bo peep
보니 스완슨	bonnie swanson
보니 홉스	bonnie hopps
보더랜드	borderlands
보루토	boruto
보물성	treasure planet
보석의 나라	houseki no kuni
보스코 어드벤처	bosco adventure
보아 핸콕	boa hancock
보어물	vore
보이드	voyd
보이스로이드	voiceroid
보잭 호스먼	bojack horseman
보지 덮밥	layer cake
보츠마스터	the bots master
보컬로이드	vocaloid
복족류 연체동물	slug
본인이 직접 성적인 행위를 하면서 즐김	solo action
볼드모트	lord voldemort
볼룸에 오신 것을 환영합니다	ballroom e youkoso
볼리베어	volibear
볼트론	voltron
볼프람 폰 비엘펠트	wolfram von bielefeld
봄버걸	bomber girl
봄버맨	bomberman
봄을 안고 있었다	haru o daiteita
봄이	haruka
봉미선	misae nohara
봉춤	pole dancing
부그와 엘리엇	open season
부니 라보트	bunnie rabbot
부르마	bulma briefs
부르잖아요, 아자젤 씨.	yondemasuyo azazel-san
부리키 원	buriki one
부부키 부란키	bubuki buranki
부스지마 사에코	saeko busujima
부카케	bukkake
부탁해! 마이멜로디	onegai my melody
북두의 권	fist of the north star
분덕스	the boondocks
불가사리	tremors
불꽃 공주	flame prince	flame princess
불꽃 소방대	enen no shouboutai
불꽃소년 레카	flame of recca
불꽃의 라비린스	labyrinth of flames
불꽃의 알펜로제 쥬디와 랜디	alpen rose
불륜	cheating
불리	bully
불스아이	bullseye
불알 빨기	ball sucking
불알 확장	balls expansion
불알에다가 하는 파이즈리	balljob
불완전 성전환	feminization
붉은 광탄 질리온	red photon zillion
붉은 돼지	kurenai	porco rosso
붓토비!! cpu	buttobi cpu
붕괴학원	honkai gakuen
붕대가 몸의 상당부분을 가림	bandages	bandage
브라다만테	bradamante
브라더 베어	brother bear
브라더즈 컨플릭트	brothers conflict
브라운 더스트	brown dust
브라이언 그리핀	brian griffin
브라이언 아이언	brian irons
브라이트 노아	bright noa
브래드 부토브스키	bradley buttowski
브래드 웡	brad wong
브랜드 뉴 애니멀	bna	bna brand new animal
브랜디 해링턴	brandy harrington
브랜디쉬	brandish
브레스 오브 파이어	breath of fire
브레이브 10(brave 10)	brave 10
브레이브 비츠	brave beats
브레이브 스토리	brave story
브레이브 프론티어	brave frontier
브레이블리 디폴트	bravely default
브레이커	the breaker
브레이크 블레이드	broken blade
브레인파워드	brain powerd
브로리	broly
브록 레이튼	brock leighton
브록 샘슨	brock samson
브루노 부차라티	bruno bucciarati
브리기테	brigitte lindholm	brigette
브리타니	brittany miller
브리트니 웡	brittney wong
브이몬	veemon
브툼!	btooom
블라드	vlad masters
블랑	blanc
블랑카	blanka
블래스퍼머스	blasphemous
블랙 라군	black lagoon
블랙 락 슈터	black rock shooter
블랙 매지션 걸	dark magician girl
블랙 불릿	black bullet
블랙 아담	black adam
블랙 위도우	black widow
블랙 카나리	black canary
블랙 캣	black cat
블랙 클로버	black clover
블랙 팬서	black panther
블랙매직 m-66	black magic m-66
블랙서바이벌	black survival
블랙파이어	blackfire
블랙하트	black heart
블러드 다이아몬드	blood diamond
블러드 래드	blood lad
블러드 로얄	blood royale
블러드-c	blood-c
블러드레인	bloodrayne
블러드본	bloodborne
블러드스테인드: 리추얼 오브 더 나이트	bloodstained
블러디 로어	bloody roar
블레스레이터	blassreiter
블레어 월더프	blair
블레어 위치	blair witch
블레이드 러너	blade runner
블레이드 앤 소울	blade and soul
블레이블루	blazblue
블레이징 소울즈	blazing souls
블레이크 벨라도나	blake belladonna
블렌드·s	blend s
블론드 앰비션	blonde ambition
블루 리플렉션	blue reflection
블루 마리	blue mary
블루 비틀	blue beetle
블루 젠더	blue gender
블루 피리어드	blue period
블루머	bloomers
블루시드	blue seed
블리스	blisstina utonium
블리츠 t 아브람스	blitz t. abrams
블리치	bleach
비 앤 퍼피캣	bee and puppycat
비니 다코타	vinnie dakota
비델	videl
비드맨	b-daman
비루스	beerus
비르고 샤카	virgo shaka
비밀♥비밀의 에그엔젤 코코밍	kamisama minarai himitsu no cocotama
비밀요원 터프퍼피	t.u.f.f. puppy
비밀의 아코짱	himitsu no akko-chan
비버에게 맡겨 둬	leave it to beaver
비비드레드 오퍼레이션	vividred operation
비비스	beavis
비비스와 버트헤드	beavis and butthead
비숍	lucas bishop
비스켓 크루거	biscuit krueger
비스킷 탄	biscuit-tan
비스타즈	beastars
비스트 보이	beast boy
비스트 워즈	beast wars
비스트맨	beast man
비욘드 굿 앤 이블	beyond good and evil
비욘드: 투 소울즈	beyond two souls
비자로	bizarro
비쟈노스	villainous
비전	vision
비즈니스 정장	business suit
비지니스 정장	business suit
비키니	bikini
비키니 워리어즈	bikini warriors
비탄의 아리아	hidan no aria
비트매니아|투덱	beatmania
비틀쥬스	beetlejuice
빅 더 캣	big the cat
빅 마우스	big mouth
빅 바르다	big barda
빅 버드	big bird
빅 히어로	big hero 6
빅오더	big order
빅쿠리 맨	bikkuriman
빅터와 발렌티노	victor and valentino
빅토르 드라고	viktor drago
빅토리야 이바노브나 세레브리야코프	viktoriya ivanovna serebryakov
빈란드 사가	vinland saga
빈센트 발렌타인	vincent valentine
빈유	small breasts
빌 도테리브	bill dauterive
빌 사이퍼	bill cipher
빌리	billy hargrove
빌리 카타기리	billy katagiri
빌리 칸	billy kane
빌리 크랜스턴	blue ranger
빌리와 맨디의 무시무시한 모험	the grim adventures of billy and mandy
빌헬미나 카멜	wilhelmina carmel
빙과	hyouka
빛과 물의 다프네	daphne in the brilliant blue
빛의 4전사: 파이널 판타지 외전	final fantasy gaiden
빛의 전사 프리큐어	futari wa pretty cure
빨간 두건	little red riding hood
빨간 마스크	kuchisake-onna
빨간 망토 차차	akazukin chacha	akazukin cha cha
빨강머리 백설공주	akagami no shirayukihime
빵으로 peace!	pan de peace
뽀삐	poppy
뾰로롱 꼬마마녀	magical angel sweet mint
뿌까	pucca
뿌요뿌요	puyo puyo
뿔	horns
삐뽀사루 겟츄	ape escape
사가 프론티어	saga frontier
사가라 사노스케	sanosuke sagara
사가라 소스케	sousuke sagara
사나게야마 우즈	uzu sanageyama
사나에 미즈노	sanae mizuno
사나에 후루카와	sanae furukawa
사냐 v. 리트뱌크	sanya v. litvyak
사냥꾼 크레이븐	kraven the hunter
사다하루 이누이	sadaharu inui
사라 갤러거	sara gallagher
사라 놈	sara nome
사라 린	sarah lynn
사라 맥두걸	sarah mcdougal
사라 벨럼	sara bellum
사라 브라이언트	sarah bryant
사라 유키	sara yuki
사라 제인 스미스	sarah jane smith
사라 케리건	sarah kerrigan
사라 코다마	sara kodama
사라 티렐	sala tyrrell
사라 호킨스	sarah hawkins
사라앤덕	sarah and duck
사라의 미로여행	labyrinth
사라잔마이	sarazanmai
사람을 가축처럼 다룸	human cattle
사람을 애완동물처럼 다룸	human pet
사람을 자지로 때림	cockslapping
사람을 잡아먹는 거인	ogre
사랑과 선거와 초콜릿	koi to senkyo to chocolate
사랑과 선거와 초콜릿|사선초	koi to senkyo to chocolate
사랑은 비가 갠 뒤처럼	koi wa ameagari no you ni
사랑은 정말	gokinjo monogatari
사랑하는 소행성	asteroid in love
사랑해 baby★★	aishiteruze baby
사랑해 나이트	ai shite knight
사루토비 사스케	sarutobi sasuke
사루토비 아스마	asuma sarutobi
사루토비 아야메	ayame sarutobi
사루토비 코노하마루	konohamaru sarutobi
사루토비 히루젠	sarutobi
사마라	samara morgan
사모님은 학생회장	okusama ga seito kaichou
사몬 군은 소환사	samon-kun wa summoner
사무라이 7	samurai 7
사무라이 디퍼 쿄우	samurai deeper kyo
사무라이 스피리츠	samurai spirits
사무라이 잭	samurai jack
사무라이 트루퍼	yoroiden samurai troopers
사무라이 플라멩코	samurai flamenco
사무라이전대 신켄저	samurai sentai shinkenger
사무스 아란	samus aran
사브리나 스펠맨	sabrina spellman
사브리나의 오싹한 모험	sabrina the teenage witch
사빈 렌	sabine wren
사사가와 료헤이	ryohei sasagawa
사사미	misaki masaki jurai	sasami masaki jurai
사사베 코우로	gorou sasabe
사사키 시오리	shiori sasaki
사사키 아케비	akebi sasaki
사상최강의 제자 켄이치	historys strongest disciple kenichi
사샤	sasha blouse	sasha braus
사샤 라 플러	sasha la fleur
사소리	sasori
사스케	sasuke
사신 짱 드롭킥	jashin-chan dropkick
사실 나는	jitsu wa watashi wa
사야 사사야마	saya sasayama
사야 오토나시	saya otonashi
사야카 마이조노	sayaka maizono
사야카 오키우라	sayaka okiura
사야카 유미	sayaka yumi
사야카 쿠레나이	sayaka kurenai
사야코 구와하라	sayako kuwahara
사에 나카타	sae nakata
사에바 료	ryo saeba
사에코 노가미	saeko nogami
사오리 니카이도	saori nikaido
사오리 시라하마	saori shirahama
사오토메 란마	ranma saotome
사오토메 레이	rei saotome
사오토메 알토	alto saotome
사와 아즈사	azusa sawa
사와 오키타	sawa okita
사와다 츠나요시	tsunayoshi sawada
사와무라 스펜서 에리리	eriri spencer sawamura
사와무라 하루카	haruka sawamura
사와이즈미 치유	cure fontaine
사와치카 에리	eri sawachika
사요 아이사카	sayo aisaka
사요코 미시마	sayoko mishima
사요코 미타무라	sayoko mitamura
사요코 시노자키	sayoko shinozaki
사우론	necromancer
사우르스 팡팡	jurassic tripper
사운드 볼텍스	sound voltex
사운드웨이브	soundwave
사유리 스이젠지	sayuri suizenji
사이교우지 유유	yuyuko saigyouji
사이드킥	sidekick
사이렌지 아키호	akiho sairenji
사이렌지 하루나	haruna sairenji
사이먼	simon seville
사이버펑크	cyberpunk
사이베리아	syberia
사이보그 001	001
사이보그 002	jet link
사이보그 004	albert heinrich
사이보그 009	cyborg 009	joe shimamura
사이보그 쿠로쨩	cyborg kuro-chan
사이온지 레오	leo saionji
사이온지 세카이	sekai saionji	youko saionji
사이코 솔저	psycho soldier
사이코 패스	psycho-pass
사이코너츠	psychonauts
사이키 쿠스오	kusuo saiki
사이키 쿠스오의 재난	saiki kusuo no psi nan
사이토 히라가	saito hiraga
사일런트 뫼비우스	silent mobius
사일런트 힐	silent hill
사일로크	psylocke
사자에상	sazae-san
사제	priest
사지의 일부가 손실됨	amputee
사채꾼 우시지마	yamikin ushijima-kun
사촌	cousin
사츠키 모모이	satsuki momoi
사츠키 츠치다	satsuki tsuchida
사츠키 타키가와	takigawa satsuki
사치코 오가사와라	sachiko ogasawara
사카마키 이자요이	izayoi sakamaki
사카모토입니다만?	sakamoto desu ga
사카키바라 코이치	kouichi sakakibara
사카타 긴토키	gintoki sakata
사쿠라 대전	sakura taisen
사쿠라 마미야	sakura mamiya
사쿠라 미나모토	sakura minamoto
사쿠라 스즈하라	sakura suzuhara
사쿠라 카나메	sakura kaname
사쿠라 카라스마	sakura karasuma
사쿠라 쿄코	kyouko sakura
사쿠라 퀘스트	sakura quest
사쿠라 통신	sakura diaries
사쿠라 트릭	sakura trick
사쿠라 하기와라	sakura hagiwara
사쿠라 히메	sakura hime
사쿠라다 준	jun sakurada
사쿠라바 아오이	aoi sakuraba
사쿠라이 노조미	nozomi sakurai
사쿠라장의 애완그녀	sakurasou no pet na kanojo
사쿠라지마 마이	mai sakurajima
사쿠라코 씨의 발밑에는 시체가 묻혀 있다	sakurako-san no ashimoto ni wa shitai ga umatteiru
사쿠야 쿠마시로	sakuya kumashiro
사키	saki
사키 야마기시	saki yamagishi
사키 찬	saki-chan
사키 카스카베	saki kasukabe
사키시마 히카리	hikari sakishima
사타나	satana hellstrom
사탄의 인형	childs play
사텐 루이코	ruiko saten
사토 미와코	miwako sato
사토 아사미	asami sato
사토리 아즈마	satori azuma
사토미 니이야마	satomi niiyama
사토미 야지마	satomi yajima
사토시 미와	satoshi miwa
사토시 잇시키	satoshi isshiki
사토시 호조	satoshi houjou
사토우 마츠자카	satou matsuzaka
사토코 나카지마	satoko nakajima
사파이어 카와시마	sapphire kawashima
사후편지	shigofumi
산사 스타크	sansa stark
산젠인 나기	nagi sanzenin
산지	sanji vinsmoke
산카레아	sankarea
산타 할머니	mrs. claus
산타니코 판데모니움	santanico pandemonium
살렘 세이버헤이겐	salem saberhagen
살아 움직이는 옷	living clothes
살육의 천사	satsuriku no tenshi
삼국전쟁	sangokushi taisen
삼성 갤럭시	team galaxy
삼총사	the three musketeers
삽입 없음	no penetration
삽질 기사	shovel knight
상상 속 친구들의 모험	fosters home for imaginary friends
상어 소녀	shark girl
상처 이야기 i 철혈편	kizumonogatari
새벽녘보다 유리색인	yoake mae yori ruriiro na
새벽의 연화	akatsuki no yona
새턴걸	saturn girl
샌드맨	the sandman
샐리	sally saint ford
샐리 브라운	sally brown
샐리 쥬피터	sally jupiter	silk spectre
샘	samantha simpson
샘 스팍스	samantha sparks
샘플	sample
생리혈	menstruation
생쥐 구조대	the rescuers
샤나	shana
샤론 마쉬	sharon marsh
샤론 스피츠	braceface	sharon spitz
샤론 애플	sharon apple
샤론 카터	sharon carter
샤를로트 뒤누아	charlotte dunois
샤를로트 헤이젤링크	charlotte hazelrink
샤리의 아틀리에 ~황혼 바다의 연금술사~	atelier shallie
샤머닉 프린세스	shamanic princess
샤먼 시스터즈	mokke
샤먼킹	shaman king
샤메이마루 아야	aya shameimaru
샤아 아즈나블	char aznable
샤오 칸	shao kahn
샤오랑	syaoran
샤우트몬	shoutmon
샤이닝	shining
샤이닝 아머	shining armor
샤이닝 윈드	shining wind
샤이닝 포스	shining force
샤이닝 하츠	shining hearts
샤피로 키츠	shapiro keats
샨테	shantae
샬롯 e. 이거	charlotte e. yeager
샬롯 링링	charlotte linlin	linlin charlotte
샬롯 크리스틴 드 콜데	charlotte colde
샬롯의 거미줄	charlottes web
샴쌍둥이	conjoined
샹크스	shanks
섀기 로저스	shaggy rogers
섀도 더 헤지호그	shadow the hedgehog
섀도 래스	shadow lass
섀도우런	shadowrun
섀도우버스	shadowverse
섀도우위버	shadow weaver
섀도우하우스	shadows house
서머 포켓츠	summer pockets
서바게부!	sabagebu
서바이빙 마스	surviving mars
서번트 x 서비스	servant x service
서브마린 707r	submarine 707r
서브제로	sub-zero
서장 보고	chief bogo
서정우	ken ichijouji
서쪽마녀	theodora
석화	petrification
선 세토	sun seto
선광의 윤무	senko no ronde
선글라스	sunglasses
선녀전설 세레스	ayashi no ceres
선생님	teacher
선셋 시머	sunset shimmer
선우현	kouji minamoto
선탠 라인	tanlines
섬란 카구라	senran kagura
성 아랫마을의 단델리온	joukamachi no dandelion
성검사의 금주영창	seiken tsukai no world break
성검의 블랙스미스	the sacred blacksmith
성검전설	seiken densetsu
성검전설 2	seiken densetsu 2
성검전설 3	seiken densetsu 3
성계의 전기	banner of the stars
성룡의 대모험	jackie chan adventures
성별 변경	gender change
성별 전환	gender bender
성수전대 긴가맨	seijuu sentai gingaman
성숙한	mature
성적 쾌감을 위해 손가락을 사용	fingering
성전 리그베다	rg veda
성전사 단바인	aura battler dunbine
성전환	gender bender
성총사 비스마르크	sei juushi bismark
성행위 하는 상대방을 두 다리로 끌어앉음	leg lock
성흔의 퀘이서	seikon no qwaser
세가와 온푸	onpu segawa	segawa onpu
세계 제일의 첫사랑	sekaiichi hatsukoi
세계명작극장	world masterpiece theater
세계에서 제일 강해지고 싶어!	sekai de ichiban tsuyoku naritai
세계정복 ~모략의 즈베즈다~	sekai seifuku bouryaku no zvezda
세기말 오컬트 학원	occult academy
세나	senna
세나 아카기	sena akagi
세노오 아이코	aiko senoo
세라 레인메이커	sarah rainmaker
세라 마스미	masumi sera
세라 에구치	sera eguchi
세라 크루	sarah crewe
세라비	seravy
세라스 빅토리아	seras victoria
세라핀	seraphine
세레나	serena	serana
세르게이 스미르노프	sergei smirnov
세르반테스 드 레온	cervantes de leon
세르세이 라니스터	cersei lannister
세미라미스	semiramis
세바스 티안	sebas tian
세바스찬 미카엘리스	sebastian michaelis
세바스찬 카스텔라노스	sebastian castellanos
세베루스 스네이프	severus snape
세븐	seven
세븐 고스트	07-ghost
세븐 오브 나인	seven of nine
세븐나이츠	seven knights
세븐스 드래곤	7th dragon
세상에 나쁜 개는 없다	bad dog
세서미 스트리트	sesame street
세실 쿠루미	cecile croomy
세실리 페어차일드	cecily fairchild
세실리아 알코트	cecilia alcott
세이나 야마다	seina yamada
세이나 카츠라	seina katsura
세이라 마스	sayla mass
세이라 미모리	seira mimori
세이렌	seiren
세이버	aruto	mana emiya	saber
세이버 마리오넷	saber marionette
세이버 알터	saber alter
세이버투스	sabretooth
세이야 우자키	seiya uzaki
세이지 사와무라	seiji sawamura
세이지 오가타	seiji ogata
세이지로 기쿠오카	kikuoka seijirou
세이크리드 세븐	sacred seven
세이퍼 알마시	seifer almasy
세인츠 로우	saints row
세인트 세이야	saint seiya
세인트 옥토버	saint october
세인트영맨	saint young men
세일러문	sailor moon
세주아니	sejuani
세츠나 f. 세이에이	setsuna f. seiei
세키레이	sekirei
세키로: 섀도우 다이 트와이스	sekiro shadows die twice
세키하라 타에	tae sekihara
세토의 신부	seto no hanayome
세트	sett
세피로스	sephiroth
섹스 토이	sex toys
섹스 후 질 또는 항문이 늘어나 있는 모습	gaping
섹스에 대한 도덕적 관념이 사라짐	moral degeneration
섹스토이	sex toys
센	chihiro ogino
센 도쿠가와	sen tokugawa
센고쿠 나데코	nadeko sengoku
센과 치히로의 행방불명	spirited away
센유	senyuu.
센조가하라 히타기	hitagi senjougahara
센주 무라마사	muramasa senju
센쥬 하시라마	hashirama senju
센케츠	senketsu
센티멘탈 그래피티	sentimental graffiti
셀레네	selene gallio
셀레스티아 공주	princess celestia
셀렉터 인펙티드 위크로스	selector infected wixoss
셀림 브래들리	selim bradley
셀마 부비에	selma bouvier
셀프 펠라치오	autofellatio
셋쇼마루	sesshomaru
셜록 홈즈	sherlock holmes
셜리 페넷	shirley fenette
셰리 르블랑	sherry leblanc
셰리 버킨	sherry birkin
셰리 벨몽	sherry belmont
셰바 알로마	sheva alomar
셰에라자드	scheherazade
셰이프 오브 워터: 사랑의 모양	the shape of water
셰퍼드 중령	commander shepard
셸던 오스왈드 리	sheldon oswald lee
셸미	shermie
소·라·노·오·토	sora no woto
소공녀 세라	princess sarah
소공자	little lord fauntleroy
소꿉친구가 절대로 지지 않는 러브 코미디	osananajimi ga zettai ni makenai love comedy
소나	sona buvelle
소냐 블레이드	sonya blade
소녀☆가극 레뷰 스타라이트	shoujo kageki revue starlight
소녀왕국 표류기	nagasarete airantou
소녀요괴 자쿠로	otome youkai zakuro
소녀전선	girls frontline
소녀혁명 우테나	revolutionary girl utena
소년 메이드	shounen maid
소년탐정 김전일	kindaichi shounen no jikenbo
소노다 미츠키	mitsuki sonoda
소노다 우미	umi sonoda
소노다 유우	yuu sonoda
소노자키 미온	mion sonozaki
소노자키 시온	shion sonozaki
소노하라 앙리	anri sonohara
소닉 더 헤지호그	sonic the hedgehog
소드 걸스	sword girls
소드 아트 온라인 얼터너터브: 건 게일 온라인	sword art online alternative gun gale online
소드 아트 온라인|소아온	sword art online
소라토로보	solatorobo
소류 아스카 랑그레이	asuka langley soryu	shikinami
소마 미츠코	mitsuko souma
소마 유키	yuki sohma
소변 마심	piss drinking
소설	novel
소스케	sousuke
소스케 야마자키	sousuke yamazaki
소시엠 하임	sochie heim
소시지 파티	sausage party
소우세이세키	souseiseki
소운 텐도	soun tendo
소울	plus anima
소울 이터	soul eater
소울 이터 not!	soul eater not
소울 테이커	soultaker
소울워커	soulworker
소울칼리버	soulcalibur
소이폰	soi fon
소인녀	minigirl
소인화	shrinking
소프테니	softenni
소피	sophie hatter	sophie von teschen
소피의 아틀리에~신기한 책의 연금술사~	atelier sophie
소피티아 알렉산드라	sophitia alexandra
속박	bondage
속삭임	sasameki koto
손 위주	focus handjob
손 학	son hak
손오공	alakazam	son goku	sun wukong
손오반	son gohan
손오천	son goten
솔 배드가이	sol badguy
솔가레오	solgaleo
솔리드 스네이크	solid snake
솔져 76	soldier 76
솔티레이	soltyrei
솜브라	sombra
쇼 바이 락!!	show by rock
쇼고 아사히나	shougo asahina
쇼우마 다카쿠라	shouma takakura
쇼지 쿠보데라	shoji kubodera
쇼코 마루야마	shoko maruyama
쇼코 키리시마	shouko kirishima
쇼쿠호 미사키	misaki shokuhou
쇼키치 나루코	shoukichi naruko
쇼타	shota
쇼타 내용이 있으나 비율이 적음	low shotacon
쇼타 미타라이	shouta mitarai
쇼타 아이자와	shouta aizawa
쇼타로 카네다	shotaro kaneda
쇼토 토도로키	shouto todoroki
숀 마츠다	sean matsuda
수 엘렌 암스트롱	sue ellen armstrong
수 유우키	shou yuuki
수간	bestiality
수권전대 게키레인저	juuken sentai gekiranger
수녀	nun
수르트	surtr
수면	sleeping
수수께끼의 그녀 x	nazo no kanojo x
수시 만바바란	sucy manbavaran
수어사이드 스쿼드	suicide squad
수염을 깎다. 그리고 여고생을 줍다.	hige o soru. soshite joshikousei o hirou.
수영복	swimsuit
수유	lactation
수인	furry
수인에게 인간이	human on furry
수잔 롱	susan long
수잔 머피	ginormica
수잔 본즈	susan bones
수잔 스트롱	susan strong
수잔 테스트	susan test
수장기공 단쿠가 노바	juusou kikou dancougar nova
수정	impregnation
수중	underwater
수지 미즈노	suzy mizuno
수지 카마이클	susie carmichael
수퍼 멍멍이 레츠고 태피	wan wan celeb soreyuke tetsunoshin
수호월천	mamotte shugogetten
수호천사 히마리	omamori himari
순결의 마리아	junketsu no maria
술에 취함	drunk
숨겨진 숲의 비밀	over the garden wall
쉔 선생	lord shen
쉔 우	shen woo
쉔무	shenmue
쉬고	shego
쉬라	she-ra
쉬라몬	gomamon
쉬메일	shemale
쉬미 스카이워커	shmi skywalker
쉬브 팰퍼틴	empress
쉬헐크	she-hulk
쉰 에스테베즈	sheen estevez
슈가 버니스	sugarbunnies
슈가슈가룬	sugar sugar rune
슈도 다케시	idol tenshi youkoso yoko
슈렉	shrek
슈르크	shulk
슈마고라스	shuma-gorath
슈코 스즈하라	shuko suzuhara
슈타인즈 게이트|슈타게	steinsgate
슈팅 라이크 베컴	bend it like beckham
슈팅 바쿠간	bakugan
슈퍼 k	tobikage
슈퍼 그랑죠	madou king granzort
슈퍼 로봇 대전	super robot wars
슈퍼 리얼 마작	super real mahjong
슈퍼 마리오브라더스	super mario brothers
슈퍼 소니코	super sonico
슈퍼 씽씽캅	mashin hero wataru
슈퍼갤즈	super gals
슈퍼로봇대전	super robot wars w
슈퍼로봇대전 k	super robot wars k
슈퍼로봇대전 z	super robot wars z 2nd
슈퍼맨	superman	clark kent
슈퍼배드	despicable me
슈퍼보이	conner kent	superboy
슈퍼소년 마이티맥스	mighty max
슈퍼제일!	superjail
슌 마카베	shun makabe
슌 카이도	shun kaidou
슌스케 아오바	shunsuke aoba
슌스케 이마이즈미	shunsuke imaizumi
슌스케 하야미	shunsuke hayami
스고 아스카	asuka sugo
스고우 노부유키	nobuyuki sugou
스기노 토모히토	tomohito sugino
스기우라 아야노	ayano sugiura
스낵월드	the snack world
스너프	snuff
스도리카	sdorica
스랄	thrall
스마이트	smite
스마일 프리큐어!	smile precure
스마타	sumata
스머페트	smurfette
스메라기 리 노리에가	sumeragi lee noriega
스모모모모모모 ~지상최강의 신부~	sumomomo momomo
스모커	smoker
스모키 베어	smokey bear
스미 쿠로이	sumi kuroi
스미레 시노하라	sumire shinohara
스미레 칸자키	sumire kanzaki
스미레 하나노	sumire hanano
스미레 하라	sumire hara
스바루 고노에	subaru konoe
스바루 나카지마	subaru nakajima
스스무 요시카와	ojama yurei-kun
스오 미코토	mikoto	mikoto suoh
스오우 미코토	mikoto suou
스와트 캣츠	swat kats
스위트 풀	sweet pool
스위트 프리큐어♪	suite precure
스위티 벨	sweetie belle
스이긴토	suigintou
스이세이세키	suiseiseki
스즈미야 하루히	haruhi suzumiya
스즈미야 하루히 시리즈	suzumiya haruhi no yuuutsu
스즈미야 하루히의 우울	the melancholy of haruhi suzumiya
스즈카 츠키무라	suzuka tsukimura
스즈키 소노코	sonoko suzuki
스카디	skadi
스카이 건너	skygunner
스카이 걸스	sky girls
스카이 자이젠	aoi zaizen
스카이즈 오브 알카디아	skies of arcadia
스칼렛 오하라	angel salvia
스칼렛 위치	scarlet	scarlet witch	wanda maximoff
스캇	scat
스캔 마크	scanmark
스컬걸즈	skullgirls
스켓 댄스	sket dance
스콧 필그림	scott pilgrim
스쿠틀루	scootaloo
스쿨 걸즈 스트라이크	schoolgirl strikers
스쿨럼블	school rumble
스쿼럴걸	squirrel girl
스퀄 레온하트	squall leonhart
스퀼리엄 팬시즌	siegbert
스크라이드	s-cry-ed
스크루지 맥덕	scrooge mcduck
스키너 교장	seymour skinner
스킬라	scylla
스킵 비트!	skip beat
스타 글래디에이터	star gladiator
스타 드라이버	star driver
스타 오션	star ocean
스타 오션 : 더 세컨드 스토리	star ocean 2
스타 트렉	star trek
스타 트렉 - 보이저	star trek voyager
스타☆트윙클 프리큐어	star twinkle precure
스타듀 밸리	stardew valley
스타로드	star-lord
스타바운드	starbound
스타쉽 오퍼레이터즈	starship operators
스타스크림	starscream
스타워즈	star wars
스타크래프트	starcraft
스타킹	stockings	stocking
스타파이어	starfire
스타폭스	star fox
스탈러스: 21세기 님포마니악스	starless
스태틱 쇼크	static shock
스탠 마시	stan marsh
스탠드 마이 히어로즈	stand my heroes
스턴트 악동 킥 버토우스키	kick buttowski suburban daredevil
스테바니	stevonnie
스테이시 히라노	stacy hirano
스테일 마그누스	stiyl magnus
스테파니 돌라	stephanie dola
스테판 왕	king stefan
스텔라 베르밀리옹	stella vermillion
스텔라의 마법	stella no mahou
스텝업 4: 레볼루션	dance dance revolution
스토리 아크	story arc
스톰 호크	storm hawks
스톱!! 히바리군!	stop hibari-kun
스투 피클즈	stu pickles
스튜어디스	stewardess
스튜위 그리핀	stewie griffin
스트라이더 비룡	strider hiryu
스트라이커즈 1945	strikers 1945
스트라이크 더 블러드	strike the blood
스트라이크 위치즈	strike witches
스트라토스4	stratos 4
스트레이트 쿠거	straight cougar
스트레칭	stretching
스트리트 파이터	street fighter
스티브 폭스	steve fox
스티브 해링턴	steve harrington
스티븐 스톤	steven stone
스티븐 유니버스	steven universe
스틱 파이트 : 더 게임	shadow warrior
스틴키 피터슨	stinky peterson
스팀보이	steamboy
스팅 오클리	sting oakley
스파이더 맨	spider-man
스파이더걸	may parker	spider-girl
스파이더맨	spider-man	dusk	hornet	miles morales	peter parker	scarlet spider
스파이럴	spiral
스파이로	spyro the dragon
스파이크 스피겔	spike spiegel
스패츠	bike shorts	spats
스팽키 햄	spanky ham
스팽킹	spanking
스페이스 고스트	space ghost
스페이스 댄디	space dandy
스페이스 어드벤처 코브라	space adventure cobra
스페이스 인베이더	space invaders
스페이스 채널 5	space channel 5
스페이스 치킨: 마법 부적의 비밀	condorito
스페이스볼	spaceballs
스페인어	spanish
스포르타쿠스	sportacus
스폰	spawn
스플라이스	splice
스플래터하우스	splatterhouse
스플래툰	splatoon
스플린터	splinter
스피넬 선	spinel sun
스피드 그래퍼	speed grapher
스피로	spirou
스피릿	spirit stallion of the cimarron
스핀배틀 몬수노	monsuno
슬라이 쿠퍼: 전설의 비법서를 찾아서	sly cooper
슬라임	slime
슬라임녀	slime girl
슬램 덩크	slam dunk
슬레이어즈	slayers
슬레인 트로이어드	slaine troyard
슬렌더맨	slender	slender man
슬로우 스타트	slow start
시간 정지	time stop
시간을 달리는 소녀	the girl who leapt through time
시게루 아오바	shigeru aoba
시게루 아카기	shigeru akagi
시게오 카게야마	shigeo kageyama
시계태엽 오렌지	a clockwork orange
시골소녀 폴리아나	the story of pollyanna
시구마 리카	rika shiguma
시기 해랄드슨	siggy
시끌별 녀석들	urusei yatsura
시노노메 나노	nano shinonome
시노모리 아오시	aoshi shinomori
시노미야 나츠키	natsuki shinomiya
시노미야 카구야	kaguya shinomiya
시노부 미사토	shinobu misato
시노부 미야케	shinobu miyake
시노부 오오미야	shinobu omiya
시노부 와카미야	shinobu wakamiya
시노앨리스	sinoalice
시논	hecate	shino asada
시논 코우즈키	sinon kouzuki
시다레 호타루	hotaru shidare
시도 이츠카	shido itsuka
시도니아의 기사	knights of sidonia
시도우 히카루	hikaru shidou
시라누이 마이	mai shiranui
시라베 아코	ako shirabe	cure muse
시라유키 히메	cure princess
시라이 쿠로코	kuroko shirai
시라타마 미캉	mikan shiratama
시라토리 닌자부로	ninzaburou shiratori
시라호시	shirahoshi
시로	shiro
시로 아마다	shiro amada
시로가네 미유키	miyuki shirogane
시로가네 타카시	takashi shirogane
시로바코	shirobako
시리즈	series
시리즈물	multi-work series
시리카	keiko ayano
시린 박티아르	shirin bakhtiar
시릴라	riannon
시마 가라하우	cima garahau
시마 렌조	renzo shima
시마 카타세	shima katase
시마무라 우즈키	uzuki shimamura
시마이돈	shimaidon
시마카제	shimakaze
시메트라	symmetra
시몬 아라곤	simone aragon
시무라 신파치	shinpachi shimura
시무라 타에	tae shimura
시문	simoun
시바	sheeva
시바 쿠우카쿠	kukaku shiba
시바나	shyvana
시부야 린	rin shibuya
시부키 란	ran shibuki
시비르	sivir
시스카	cisqua
시스터 프린세스	sister princess
시스템 쇼크	system shock
시시 델마스	sissi delmas
시시가미 반그	bang shishigami
시시오 가이	guy shishioh
시어 칸	shere khan
시에스타	siesta
시엘 팬텀하이브	ciel phantomhive
시엘라 라파나	ciela lapana
시오도메 미우나	miuna shiodome
시오리 아사기리	shiori asagiri
시오리 츠즈키	shiori tsuzuki
시오리 츠키시마	shiori tsukishima
시오리 쿠로카와	shiori kurokawa
시오미 슈코	syuko shiomi
시오타 나기사	nagisa	nagisa shiota
시오후키	squirting
시온 야스오카	shion yasuoka
시온의 왕	shion no ou
시원찮은 그녀를 위한 육성방법	saenai heroine no sodatekata
시유	seeu
시이나	shiina
시이나 마시로	mashiro shiina
시이네	shiine
시죠 타카네	takane shijou
시즈	siege
시즈네	shizune
시즈노 우루시바라	shizuno urushibara
시즈루 후지노	shizuru fujino
시즈루 후지무라	shizuru fujimura
시즈카 사카키	shizuka sakaki
시즈카 하야마	shizuka hayama
시즈코 아오키	shizuko aoki
시즈쿠 미즈타니	shizuku mizutani
시즈쿠 오사카	shizuku osaka
시즈쿠 츠키시마	shizuku tsukishima
시즈쿠 하즈키	shizuku hazuki
시집	anthology
시키 이세야	shiki iseya
시키 토노	shiki tohno
시타	sheeta
시티 커넥션	city connection
시티헌터	city hunter
시호 무나카타	shiho huit	shiho munakata
시호 산노미야	shiho sannomiya
시호 시시도	shiho shishido
시호인 요루이치	yoruichi shihoin
식극의 소마	shokugeki no soma
식령 -제로-	ga-rei
식물 소녀	plant girl
식용부진	anorexic
식인	cannibalism
신 백설공주 전설 프리티어	pretear
신 아스카	shinn asuka
신격의 바하무트 제네시스	rage of bahamut
신고 츠키노	shingo tsukino
신곡주계 폴리포니카	shinkyoku soukai polyphonica
신기한 스쿨버스	the magic school bus
신나는 과학 어드벤쳐 아하! 그렇구나	omoikkiri kagaku adventure sou nanda
신나리	kari kamiya
신델	sindel
신도 스가타	sugata shindou
신도우 미츠코	mitsuko shindo
신도우 히카루	hikaru shindo
신드라	syndra
신드바드	sinbad
신들에게 주워진 남자	kami-tachi ni hirowareta otoko
신디 레녹스	cindy lennox
신디 맥피어슨	cindy mcphearson
신디 볼텍스	cindy vortex
신디 브래디	cindy brady
신디 캠벨	cindy campbell
신라만상	shinrabansho
신령사냥/고스트 하운드	ghost hound
신룡	sharpner
신만이 아는 세계	the world god only knows
신부이야기	otoyomegatari
신비한 마법 판판 파마시	fun fun pharmacy
신비한 바다의 나디아	fushigi no umi no nadia
신비한 별의 쌍둥이 공주	fushigiboshi no futagohime
신세기 사이버 포뮬러	future gpx cyber formula
신세기 에반게리온	neon genesis evangelion
신암행어사	shin angyo onshi
신의 인형	kamisama dolls
신의 탑	tower of god
신이 된 날	kamisama ni natta hi
신이 없는 일요일	kami-sama no inai nichiyoubi
신이슬	minamoto shizuka	shizuka	shizuka minamoto
신이치 아키야마	akiyama shinichi
신이치 치아키	shinichi chiaki
신이치 카노	shinichi kanou
신조인간 캐산	casshan
신지 마토	shinji matou
신지로 아라가키	shinjiro aragaki
신짱구	futaba yoshinaga	shinnosuke nohara
신체교환	body swap
신타 후쿠다	shinta fukuda
신태일	tai kamiya
신풍괴도 쟌느	kamikaze kaitou jeanne
신혼합체 고단나	godannar
실더	shielder
실바나스 윈드러너	sylvanas windrunner
실바니안 패밀리	sylvanian families
실버 서퍼	silver surfer
실버 세이블	silver sable
실버 스푼	silver spoon
실버애쉬|은재	silverash
실버호크	silverhawks
실비 아트	sylvie arte
실비아 마루야마	silvia maruyama
실비아 판 홋센	sylvia van hossen
실비아 페라리	sylvia ferrari
실피드	sylphid
심령탐정 야쿠모	shinrei tantei yakumo
심바이오닉 타이탄	sym-bionic titan
심슨	the simpsons
심즈	the sims
십이국기	twelve kingdoms
싸워라! 익저-1	iczer
싸이코아머 고바리안	psycho armor govarian
쌍둥이	twins
쌍둥이 대소동	ochame na futago
쌍성의 음양사	sousei no onmyouji
써커 펀치	sucker punch
썬탠자국	tanlines
썸머 워즈	summer wars
쓰네나가 타마키	tsunenaga tamaki
쓰레기의 본망	kuzu no honkai
쓰르라미 울 적에	higurashi no naku koro ni
쓰리몬	mitsudomoe
씰온라인	seal online
씽	sing
아가사 크리스티의 명탐정 포와로와 마플	agatha christies great detectives poirot and marple
아가사 히로시	hiroshi agasa
아구몬	agumon	chika daimon	wargreymon
아구스 필치	argus filch
아그네스 주베르	agnes joubert
아기 돼지 삼형제	the three little pigs
아나	ana amari	ana
아나스타샤	anastasia	anastasia tremaine
아나이스 워터슨	anais watterson
아낙수나문	anck-su-namun
아네도킷	ane doki
아녜스 슈발리에 드 밀랑	agnes chevalier de milan
아놀드	arnold shortman
아놀드 뉴만	arnold neumann
아놀드 잭슨	arnold jackson
아니 레온하트	annie leonhart
아니마 엘!	anima yell
아니체 팜	anice farm
아니타 래드클리프	anita radcliffe
아다치와 시마무라	adachi to shimamura
아담 스피츠	adam spitz
아담스 패밀리	the addams family
아더왕의 검	the sword in the stone
아드리앙 아그레스트	cat noir
아따맘마	atashinchi
아라가키 아야세	ayase aragaki
아라곤	aragorn
아라라기 츠키히	tsukihi araragi
아라라기 카렌	karen araragi
아라라기 코요미	koyomi araragi
아라카와 언더 더 브리지	arakawa under the bridge
아라크네	arachne
아라타 칸가타리	arata kangatari
아랍어	arabic
아랑전설	fatal fury
아렌비 비아즐리	allenby beardsley
아령 몇킬로 간다?	dumbbell nan kilo moteru
아론	arlong
아르 토네리코	ar tonelico
아르르 나쟈	arle nadja
아르멜로	armello
아르민 알레르토	armin arlert
아르센	henriette mystere
아르웬	arwen
아르젠토 소마	argento soma
아르카나 파밀리아	arcana famiglia
아르카나 하트	arcana heart
아르타 펜	artha penn
아르타니스	artanis
아리	ahri
아리미 스즈키	arimi suzuki
아리사 버닝스	alisa bannings
아리사 서전크로스	alisa southerncross
아리사와 타츠키	tatsuki arisawa
아리사토 미나토	makoto yuuki
아리스 후지사키	arisu fujisaki
아리스가와 히마리	himari arisugawa
아리스토캣	the aristocats
아리시아 라브	arisia rrab
아리아 블레이즈	aria blaze
아리아 스타크	arya stark
아리아 폰 레이지 아스나	aria von reiji asuna
아리에스 무	aries mu
아마가미	amagami
아마기 브릴리언트 파크	amagi brilliant park
아마네 미사	misa amane
아마네 스즈하	suzuha amane
아마노 네네	nene amano
아마노 유키테루	yukiteru amano
아마노가와 키라라	cure twinkle	kirara amanogawa
아마미 마모루	mamoru amami
아마에 코로모	koromo amae
아마오 미사오	pixy misa
아마카노	amakano
아마카타 미호	miho amakata
아마타 소라	amata sora
아마하 마사네	masane amaha
아만다 커비	amanda kirby
아만츄	amanchu
아머	hisako ichiki
아머드 코어	armored core
아메리 카와이	ameri kawai
아메리칸 대드!	american dad
아메리칸 드래곤: 제이크 롱	american dragon jake long
아멜리타 트럼퍼	amelita tremper
아무로 레이	amuro ray
아무로 토오루	rei furuya
아미 노노무라	ami nonomura
아미 쿠로키	ami kuroki
아미 후타미	ami futami
아미야	amiya
아미티지 3 : 폴리 매트릭스	armitage iii
아바라이 렌지	renji abarai
아바타	avatar
아바타: 아앙의 전설	avatar the last airbender
아바투르	abathur
아발로 왕국의 엘레나	elena of avalor
아버지	father
아베 나나	nana abe
아베 타카야	takaya abe
아빠 말 좀 들어라!	papa no iu koto wo kikinasai
아빠는 요리사	cooking papa
아사기 아이바	asagi aiba
아사기 콜드웰	asagi caldwell
아사다 시노|시논	shino asada
아사미야 아테나	athena asamiya
아사즈 벤트리스	asajj ventress
아사코 시바사키	asako shibasaki
아사쿠라 요우	yoh asakura
아사쿠라 하오	hao asakura
아사토 아이	ai asato
아사히 시이나	asahi shiina
아사히나 미라이	mirai asahina	cure miracle
아사히나 미쿠루	mikuru asahina
아샤의 아틀리에 ~황혼 대지의 연금술사~	atelier ayesha
아서 보일	arthur boyle
아서스 메네실	arthas menethil
아서왕	arthur	king arthur	arthur pendragon
아세무 아스노	asemu asuno
아소카 타노	ahsoka tano
아수라 남작	baron ashura
아슈와타마	ashwatthama
아스고어 드리무어	asgore dreemurr
아스나	asuna	asuna yuuki
아스란 자라	athrun zala
아스카 모모코	momoko asuka
아스테릭스	asterix
아스톨포	astolfo
아스트리드	astrid
아스트리드 호퍼슨	astrid hofferson
아시	arcee
아시타카	ashitaka
아시하라 다이스케	super dog rilienthal
아야 브리	aya brea
아야나미 레이	rei ayanami
아야네	ayane
아야노 케이코|시리카	keiko ayano
아야노 코사카	ayano kosaka
아야메 후타바	ayame futaba
아야사키 하야테	hayate ayasaki
아야사토 마요이	maya fey
아야사토 치히로	mia fey
아야사토 하루미	pearl fey
아야세 시노미야	ayase shinomiya
아야카 마치다	ayaka machida
아야카 유키히로	ayaka yukihiro
아야코 키미즈카	ayako kimizuka
아야코 타카스	ayako takasu
아야토 사카마키	ayato sakamaki
아오 후카이	ao fukai
아오노 미키	cure berry	miki aono
아오누마 키리하	kiriha	kiriha aonuma
아오바 스즈카제	aoba suzukaze
아오바 쿠로누마	aoba kuronuma
아오야기 하지메	hajime aoyagi
아오야마 나나미	nanami aoyama
아오이 소라노	aoi sorano
아오이 아사히나	aoi asahina
아오이 야마다	aoi yamada
아오이 하나	aoi hana
아오이 후타바	aoi futaba
아오이 히다카	aoi hidaka
아오키 레이카	cure beauty	reika aoki
아오하라이드	blue spring ride
아와시나 세리	seri awashima
아우라 벨라 피오라	aura bella fiora
아우엘 네이더	auel neider
아울 하우스	the owl house
아웃브레이크 컴퍼니	outbreak company
아유무 니시자와	ayumu nishizawa
아유무 아이카와	ayumu aikawa
아유미 다카하라	ayumi takahara
아유미 오토사카	ayumi otosaka
아유카와 마도카	madoka ayukawa
아이 엠 스타!	aikatsu
아이 찬	ai kaminari
아이 키스기	ai kisugi
아이 타나베	ai tanabe
아이 하야카와	ai hayakawa
아이★츄	i-chu
아이노 메구미	megumi aino	cure lovely
아이노 미나코	minako aino	sailor venus
아이다 리코	riko aida
아이다 마나	cure heart	mana aida
아이돌 마스터|아이마스	the idolmaster
아이돌 전설 에리코	idol densetsu eriko
아이돌마스터 sidem	the idolmaster sidem
아이들의 시간	kodomo no jikan
아이들의 장난감	kodomo no omocha
아이라 베페라스카 로스노프스키	ayla v. roznovsky
아이라 하루네	aira harune
아이리 고미야마	airi komiyama
아이리 마사키	airi masaki
아이리 아카디아	airi arcadia
아이리스 샤토브리앙	iris chateaubriand
아이리스필 폰 아인츠베른	irisviel von einzbern
아이린 혼마	irene honma
아이마이미	ai mai mi
아이마이미! 스트로베리 에그	i my me strawberry eggs
아이사카 타이가	taiga aisaka
아이스 에이지	ice age
아이스 클라이머	ice climber
아이실드 21	eyeshield 21
아이언 메이든 잔느	iron maiden jeanne
아이언 자이언트	the iron giant
아이언맨	iron man armored adventures	tony stark
아이온: 영원의 탑	aion
아이우라	aiura
아이자와 민트	mint aizawa
아이자와 사쿠야	sakuya aizawa
아이작 클라크	isaac clarke
아이즈 발렌슈타인	aiz wallenstein
아이지마 세실	cecil aijima
아이치 센도	aichi sendou
아이카 r-16: 버진 미션	aika r-16
아이카와 아카네	akane aikawa
아이카츠 프렌즈!	aikatsu friends
아이코 노노하라	aiko nonohara
아이하라 기이치	yoshikazu aihara
아인	ajin
아일라 세큐라	aayla secura
아임 드 파미유	ahim de famille
아자젤	azazel
아저씨	dilf
아저씨와 마시멜로	ojisan to marshmallow
아조그	azog
아줄라	azula
아즈마 카즈마	kazuma azuma
아즈마야 코유키	koyuki azumaya
아즈망가 대왕	azumanga daioh
아즈사 미우라	azusa miura
아즈사 시라토리	azusa shiratori
아즈사 하나이	azusa hanai
아즈사가와 사쿠타	sakuta azusagawa
아즈사가와 츠키노	mizuno azusagawa	tsukino azusagawa	yukino azusagawa
아즈사가와 카에데	kaede azusagawa
아지라파엘	azir	aziraphale
아지랑이 프로젝트	kagerou project
아쳐	archer
아츠시 나카지마	atsushi nakajima
아츠시 도조	atsushi doujou
아츠코 잭슨	atsuko jackson
아치 앤드루스	archie andrews
아침 안개의 무녀	shrine of the morning mist
아침까지 수업 chu!	asa made jugyou chu
아카기	akagi
아카기 다케노리	takenori akagi
아카기 리츠코	ritsuko akagi
아카기 토와	cure scarlet	towa akagi
아카네 미시마	akane mishima
아카네 신조	akane shinjou
아카드	alucard
아카리 카와모토	akari kawamoto
아카리 코모토	akari koumoto
아카리 키리시마	akari kirishima
아카메가 벤다	akame ga kill
아카바네 카르마	karma akabane
아카오니	akaooni
아카자	akaza
아카자 아카네	akane akaza
아카자 아카리	akari akaza
아카츠츠미 모모코	momoko akatsutsumi
아칼리	akali
아케미 호무라	homura akemi
아코 이즈미	ako izumi
아쿠다마 드라이브	akudama drive
아쿠아 틴 헝거 포스	aqua teen hunger force
아쿠에리온 evol	aquarion evol
아쿠에리온 로고스	aquarion logos
아쿠에이리언 에이지	aquarian age
아퀼라 유나	aquila yuna
아키 로스	aki ross
아키 미카게	aki mikage
아키 키노	aki kino
아키 키사라기	aki kisaragi
아키라	akira
아키라 e. 페라리	akira e. ferrari
아키라 마도	akira mado
아키라 아오이	akira aoi
아키라 야마모토	akira yamamoto
아키라 요시이	akira yoshii
아키라 유키	akira yuki
아키라 카야마	akira kayama
아키모토 코마치	cure mint	komachi akimoto
아키미치 초지	chouji akimichi
아키소라	aki sora
아키야마 미오	mio akiyama
아키야마 유카리	yukari akiyama
아키즈키 리츠코	ritsuko akizuki
아키코	akiko isshiki
아키토 타카기	akito takagi
아키하바라 전뇌조	akihabara dennou gumi
아키히사 요시이	akihisa yoshii
아키히코 사나다	akihiko sanada
아키히코 오오타	akihiko ohta
아킬	andrew gilbert mills
아타고	atago
아타라시 아코	ako atarashi
아테나	athena	saori kido
아테나 글로리	athena glory
아트북	artbook
아틀란티스: 잃어버린 제국	atlantis the lost empire
아틀리에	atelier series
아티스트 cg	artist cg
아푸 나하사피마페틸론	apu nahasapeemapetilon
아푸라 만	afura mann
아프로 사무라이	afro samurai
아픈 건 싫으니까 방어력에 올인하려고 합니다	itai no wa iya nano de bougyoryoku ni kyokufuri shitai to omoimasu.
아헤가오	ahegao
악마	demon
악마 소녀	demon girl
악마에 입문했습니다! 이루마 군	mairimashita iruma-kun
악마의 리들	akuma no riddle
안경	glasses
안나	anna
안나 공주	princess anna
안나 교야마	anna kyouyama
안나 레스피기	anna respighi
안나 모치즈키	anna mochizuki
안나 스에히로	anna suehiro
안나 윌리엄스	anna williams
안나 헨드릭스	anna hendrix
안나베스 체이스	annabeth chase
안녕, 절망선생	sayonara zetsubou sensei
안대	eyemask	eyepatch
안드레아 수스만	andrea sussman
안자이 미츠요시	mitsuyoshi anzai
안젤라 다카쓰카사	angela takatsukasa
안젤라 발자크	angela balzac
안젤리카 피클즈	angelica pickles	charlotte pickles
안죠 나루코	naruko anjou
안토니오 파비아니	antonio fabiani
안티-코스모	anti-cosmo
알 번디	al bundy
알.이.씨	rec
알드노아. 제로	aldnoah.zero
알라딘	aladdin
알레사 길레스피	alessa gillespie
알레한드로 코너	alejandro corner
알렉산더 니콜라예비치	alexander nikolaevich hell
알렉산더 안데르센	alexander anderson
알렉산더 야마토	alexander yamato
알렉스 던피	alex dunphy
알렉스 루이스 암스트롱	alex louis armstrong
알렉스 와일더	alex wilde
알렉시아 애쉬포드	alexia ashford
알렌 셰자르	allen schezar
알렌 워커	allen walker
알렌 코우즈키	allen kozuki
알렐루야 합티즘	allelujah haptism
알리바바 살루자	alibaba saluja
알리사 보스코노비치	alisa bosconovitch
알리사 아야세	arisa ayase
알리스타	alistar
알리시아 루	alicia rue
알리시아 윈스턴	alicia winston
알리시아 플로렌스	alicia florence
알리타: 배틀 엔젤	battle angel alita
알릭스 밴스	alyx vance
알바 뛰는 마왕님!	hataraku maou-sama
알버트 드 모르세르프	albert de morcerf
알비다	alvida
알퀘이드 브륜스터드	arcueid brunestud
알타입	r-type
알폰스 엘릭	alphonse elric
알폰스 하이데리히	alfons heiderich
알프스 소녀 하이디	alps no shoujo heidi	heidi girl of the alps
알프스의 메아리	trapp family story
암굴왕	gankutsuou
암살교실	ansatsu kyoushitsu
암컷 사자	lioness
암호명: 이웃집 아이들	codename kids next door
앙골 모아	angol moa	angol mois
앙리에타 드 트리스테인	henrietta de tristain
앙상블 스타즈!	ensemble stars
앞치마	apron
애교점	beauty mark
애널	anal
애널 성교	anal intercourse
애널 출생	anal birth
애널핥기	rimjob
애니	animated	annie
애니 하딩	annie harding
애니 휴즈	annie hughes
애니매니악스	animaniacs
애니멀맨	animal man
애덤 워록	warlock
애린 선	aeryn sun
애벌레	larva	the caterpillar
애비 슈토	abby sciuto
애쉬	ashe
애쉬 윌리엄스	ash williams
애쉬 크림존	ash crimson
애쉬-아카익 실드 히트	archaic sealed heat
애스트럴 체인	astral chain
애프터	after...
애플블룸	apple bloom
애플시드	appleseed
애플잭	applejack
액셀 월드	accel world
액션 히로인 치어후르츠	action heroine cheer fruits
액터쥬 act-age	act-age
액티브 레이드 -기동강습실 제8계-	active raid
앤 마리아	anne maria
앤 셜리	anne shirley
앤 웨잉	she-venom
앤 후쿠하라	ann fukuhara
앤드류 발트펠트	andrew waltfeld
앤디 보가드	andy bogard
앨런 웨이크	alan wake
앨리스	alice	alice abernathy
앨리스 l. 말빈	alice l. malvin
앨리스 sos	alice sos
앨리스 마가트로이드	alice margatroid
앨리스 맥코이	alice mccoy
앨리스 캐롤	alice carroll
앨리스 투베르크	alice zuberg
앨리스와 조로쿠	alice to zouroku
앨리슨 말리츠키	alyson malitski
앨리슨 위팅턴	allison whittington
앨리슨과 리리아	allison to lillia
앨버트 웨스커	albert wesker
앨빈	alvin seville
앰버	amber
앰버 스위트	amber sweet
앱솔	absol
앱솔루트 듀오	absolute duo
앵그리 버드 2: 독수리 왕국의 침공	angry birds
야가미 라이토	light yagami
야가미 사유	sayu yagami
야가미 이오리	iori yagami
야가미 하야테	hayate yagami
야근병동	night shift nurses
야나기다 이치노	ichino yanagida
야다 토카	touka yada
야루캬 기사	yarukkya knight
야마고 아유미	ayumi yamagou
야마나카 사와코	sawako yamanaka
야마노베 토모	tomo yamanobe
야마노스스메	yama no susume
야마다와 7명의 마녀	yamada-kun to 7-nin no majo
야마모토 겐류사이 시게쿠니	genryusai shigekuni yamamoto
야마모토 미사키	misaki yamamoto
야마모토 타케시	takeshi yamamoto
야마무라 사다코	sadako yamamura	sadako
야마부키 이노리	cure pine	inori yamabuki
야마자키 사가루	sagaru yamazaki
야마토 나오에	yamato naoe
야무치	yamcha
야사카 마히로	mahiro yasaka
야샤마루	yashamaru
야수 조율사	kemono no souja erin
야스리 나나미	nanami yasuri
야스리 시치카	shichika yasuri
야오이	yaoi
야요이 시노즈카	yayoi shinozuka
야요이 타카츠키	yayoi takatsuki
야요이 후지사와	yayoi fujisawa
야자와 니코	nico yazawa
야치요 토도로키	yachiyo todoroki
야코 워너	yakko warner
야쿠모 유카리	yukari yakumo
야쿠시 카부토	kabuto yakushi	nono yakushi
야타 미사키	misaki yata
야토	yato
야토가미 토카	tohka yatogami
야하리 마사시	larry butz
야한 이야기라는 개념이 존재하지 않는 지루한 세계	shimoneta to iu gainen ga sonzai shinai taikutsu na sekai
약간의 수간	low bestiality
약물	drugs
약속의 네버랜드	yakusoku no neverland
약캐 토모자키 군	jaku-chara tomozaki-kun
얀 발렌타인	jan valentine
얀 브래디	jan brady
얀데레	yandere
얀데레 시뮬레이터	yandere simulator
얀시 프라이	yancy fry
양	sheep
양 소녀	sheep girl
양갈래 만두머리	hair buns
양들의 침묵	the silence of the lambs
양말플레이	sockjob
양샤오롱	yang xiao long
양성 애자	bisexual
양의 노래	hitsuji no uta
양치질	tooth brushing
어 햇 인 타임	a hat in time
어그레츠코: 회사는 열바다	aggretsuko
어글리 아메리칸스	ugly americans
어나더	another
어둠속에 나홀로	alone in the dark
어둠의 후예	yami no matsuei
어드벤처 오브 더 갤럭시 레인저스	adventures of the galaxy rangers
어떤 과학의 초전자포|어과초	toaru kagaku no railgun
어떤 마술의 금서목록|어마금	toaru majutsu no index
어린 왕자	22 slash 7	the little prince
어몽 어스	among us
어벤져스	avengers
어서오세요 실력지상주의 교실에	youkoso jitsuryoku shijou shugi no kyoushitsu e
어스웜 짐	earthworm jim
어쌔신 크리드 발할라	assassins creed
어쌔신: 더 비기닝	suika
어째서 여기에 선생님이?!	nande koko ni sensei ga
어쨌든 귀여워	tonikaku kawaii
언더 나이트 인버스	under night in-birth
언더 더 문	under the moon
언더테일	undertale
언덕길의 아폴론	sakamichi no apollon
언리미티드 사가	unlimited saga
언어	language	lang
언어의 정원	koto no ha no niwa
언젠가는 대마왕	ichiban ushiro no daimaou
언틸 던	until dawn
언해피♪	anne happy
얼굴없는 달	moonlight lady
얼굴에 앉음	facesitting
얼라이브: 최종 진화적 소년	alive the final evolution
얼룩증	heterochromia
얼음 대왕	ice king
엄 재머 래미	um jammer lammy
엄마	mother
엄마 찾아 삼천리	3000 leagues in search of mother
엄마는 4학년	mama is a 4th grader
엄브렐러 아카데미	the umbrella academy
업로더	uploader
엉덩이 틈 사이에 자지를 비빔	assjob
엉덩이가 커짐	ass expansion
엉클 그랜파	uncle grandpa
에기르	aegir
에노키안의 전설	tower of saviors
에덴으로 가는 비상구	undercover cops
에덴의 우리	cage of eden
에델가르드 리베라	edelgard rivera
에도가와 코난	conan edogawa	shinichi kudo
에드, 에드 엔 에디	ed edd n eddy
에드나 'e' 모드	edna
에드나 크라버플	edna krabappel
에드몽 당테스	edmond dantes
에드워드 웡 하우 페펠루 티브르스키 4세	edward wong hau pepelu tivrusky iv
에디의 환상 여행	rock-a-doodle
에디트	edith gru
에렌 예거	eren	eren jaeger
에로망가 선생	eromanga sensei
에루	natsumi asaoka
에르고 프록시	ergo proxy
에르빈	riko matsumoto
에르빈 스미스	erwin smith
에리 우에무라	uemura eri
에리 카란	eri karan
에리나 긴죠 원	erina kinjo won
에리나 오구라	erina ogura
에리나 펜들튼	erina pendleton
에리얼	ariel
에리카 야노	erika yano
에리카 치바	erika chiba
에리카 하트만	erica hartmann
에리코 토리이	eriko torii
에릭 라사드	lassar
에릭 왕자	prince eric
에릭 카트먼	eric cartman
에마 프로스트	emma frost
에메랄드 엠프레스	emerald empress
에미 무라카미	emi murakami
에미 오가사와라	emi ogasawara
에미 유사	emi yusa
에미 키자키	emi kizaki
에미야 시로	shirou	shirou emiya
에미야 키리츠구	kiritsugu emiya
에밀 네콜라	emil nekola
에밀 크로니클 온라인	emil chronicle online
에밀리 엘리자베스	emily elizabeth howard
에밀리아	emilia
에반젤린 a. k. 맥도웰	evangeline a.k. mcdowell
에방젤린	evangelyne
에보시	lady eboshi
에비나 나나	nana ebina
에비스자와 쿠루미	kurumi ebisuzawa
에비텐 - 공립 에비스가와 고교 천민부	ebiten
에스카&amp;로지의 아틀리에 ~황혼 하늘의 연금술사~	atelier escha and logy
에스퍼 마미	esper mami
에스피오 더 카멜레온	espio the chameleon
에어	air
에어 기어	air gear
에어 마스터	air master
에어리스 게인브루그	aeris	aerith gainsborough
에이다 웡	ada wong
에이라 일마타르 유틸라이넨	eila ilmatar juutilainen
에이론위 공주	princess eilonwy
에이리언 vs. 프레데터	alien vs predator
에이리언9	alien 9
에이미 다테	eimi date
에이미 로즈	amy rose
에이미 웡	amy wong
에이미 폰드	amy pond
에이버리 블록	avery bullock
에이브러햄 심슨	abraham simpson
에이스 벤츄라	ace ventura pet detective
에이스 컴뱃	ace combat
에이스를 노려라!	aim for the ace
에이젼트 아이카	agent aika
에이지 니이즈마	eiji niizuma
에이지로 키리시마	eijirou kirishima
에이트맨	eightman
에이펙스 레전드	apex legends
에이프런	apron
에일리언	xenomorph xx121
에잘리아 줄	ezalia joule
에즈라 브리저	ezra bridger
에즈리 댁스	ezri dax
에치오 아우디토레 다 피렌체	ezio auditore
에치젠 료마	ryoma echizen
에키드나	echidna
에토타마	etotama
에포닌	eponine thenardier
에피 올라델	efi oladele
에픽세븐	epic seven
엑셀 사가	excel saga
엑셀러레이터	accelerator
엑스	x1999
엑스맨	x-men
엑스맨 : 에볼루션	x-men evolution
엑스브이몬	exveemon
엑스파일	the x-files
엑시아	exusiai
엔마 아이	ai enma
엔젤 블레이드	angel blade
엔젤 비트	angel beats
엔젤 테일즈	tenshi no shippo
엔젤몬	angemon
엔키두	enkidu
엘 카자드	el cazador de la bruja
엘더스크롤	the elder scrolls
엘도라도	the road to el dorado
엘라스티 걸	elastika	helen parr
엘런 리플리	ellen ripley
엘레나 피플스	elena peoples
엘레노어 알버틴 르 블랑 드 라 블로이스 드 라 발리에르	eleanor albertine le blanc de la blois de la valliere
엘레멘탈 제레이드	elemental gelade
엘렉트라	electra
엘로이 제트슨	elroy jetson
엘리 새틀러 박사	ellie sattler
엘리 아야세	eli ayase
엘리노어	eleanor miller
엘리먼트 헌터	element hunters
엘리사 마자	elisa maza
엘리사 에스포지토	elisa esposito
엘리스 폰 디트리히	elise von dietrich
엘리아스 아인워스	elias ainsworth
엘리자 리건	eliza leagan
엘리자 쏜베리	eliza thornberry	elizabeth thornberry
엘리자베스	lavenza
엘리자베스 리오네스	elizabeth liones
엘리자베스 스완	elizabeth swann
엘마이라 더프	elmyra duff
엘사	elsa
엘사 공주	princess elsa
엘소드	elsword
엘자 스칼렛	erza scarlet
엘즈비에타 보사크	elzbieta bosak
엘티그레	el tigre the adventures of manny rivera
엘펜리트	elfen lied
엘프	elf
엘프를 사냥하는 사람들	those who hunt elves
엘프만 스트라우스	elfman strauss
엘하자드	el hazard
엠마	emma a victorian romance
엠마 쉰	emma sheen
엠마 왓슨	emma watson
엠버 매클레인	ember mclain
여경	officer jenny
여고생 girl's-high	girls high
여기는 잘나가는 파출소	kochikame
여동생	sister
여름 눈 랑데부	natsuyuki rendezvous
여름색 기적	natsuiro kiseki
여름용 원피스	sundress
여름의 폭풍!	natsu no arashi
여성	female
여성 몬스터	monster girl
여성만	females only
여성향 게임의 파멸 플래그밖에 없는 악역 영애로 환생해버렸다...	otome game no hametsu flag shika nai akuyaku reijou ni tensei shiteshimatta...
여신의 키스 : o.v.e	goddess kiss
여신이문록 데빌 서바이버	devil survivor
여여남 쓰리썸	ffm threesome
여와	nu wa
여왕	evil queen	queen grimhilde
여왕폐하 쁘띠안제	angie girl
여우	fox
여우 소년	fox boy
여우녀	fox girl
여자 경찰	policewoman
여자 연상 친척	aunt
여자같은 남자	tomgirl
여자끼리 싸움	catfight
여자만	girls only
여자조카	niece
여장	crossdressing
여장산맥	josou sanmyaku
여장이 공격	josou seme
여주인님은 초등학생!	waka okami wa shougakusei
여친, 빌리겠습니다|렌탈여친	kanojo okarishimasu
여트젠트젠 쓰리썸	fft threesome	ttf threesome
여학생	schoolgirl
여학생 교복	schoolgirl uniform
여행자	aether	lumine
역시 내 청춘 러브코메디는 잘못됐다.|역내청	yahari ore no seishun love come wa machigatteiru
역전재판	ace attorney
연구복	lab coat
연금3급 매지컬 포카앙	renkin san-kyuu magical pokaan
연기사 purely☆kiss	koikishi purely kiss
연청	yan qing
연풍	koi kaze
연희무쌍	koihime musou
열쇠공주 이야기 영원의 앨리스 윤무곡	kagihime monogatari eikyuu alice rondo
열혈경파 쿠니오군 외전 river city girls	river city girls
염신전대 고온저	engine sentai go-onger
영 저스티스	young justice
영상연에는 손대지 마!	eizouken ni wa te wo dasu na
영어	english
영웅전기: 세계정복	eiyuu senki
영웅전설	the legend of heroes
영자	delia ketchum
옆자리 괴물군	tonari no kaibutsu-kun
옆자리 세키군	tonari no seki-kun
예니퍼	yennefer
예스맨	yes man
오! 나의 여신님	ah my goddess
오금으로 자지나 유사한 물체를 자극함	kneepit sex
오나홀	onahole
오네가이 랭킹	onegai ranking
오네가이 트윈즈	onegai twins
오네찬바라	the onechanbara
오노 도후	tofu ono
오노노키 요츠기	yotsugi ononoki
오노데라 리츠	ritsu onodera
오늘부터 마왕	kyo kara maoh
오니	oni
오니즈카 에이키치	eikichi onizuka
오다 노부나의 야망	oda nobuna no yabou
오도로키 호우스케	apollo justice
오드리 로시오 라미레즈	audrey ramirez
오딘 스피어	odin sphere
오란고교 호스트부	ouran high school host club
오레키 호타로	houtarou oreki
오로치마루	orochi	orochimaru
오료	oryou
오리 형사 다크	darkwing duck
오리너구리 페리	perry the platypus
오리무라 치후유	chifuyu orimura
오리사	orisa
오리아나	orianna
오리에 카야마	orie kayama
오리와 눈먼 숲	ori and the blind forest
오리지널	original
오리하라 이자야	izaya orihara
오모리 유코	cure honey	yuko omori
오바람	gary oak
오박사	professor oak	yukina
오버로드	overlord
오버맨 킹 게이너	overman king gainer
오버워치	overwatch
오베론	oberon
오벨릭스	obelix
오비완 케노비	obi-wan kenobi
오빠 따위 전혀 좋아하지 않는다구!!	oniichan no koto nanka zenzen suki janain dakara ne	suki. dakara suki
오빠지만 사랑만 있으면 상관없잖아?	onii-chan dakedo ai sae areba kankeinai yo ne
오사카 나루	naru osaka
오사카베 이토코	itoko osakabe
오소마츠상	osomatsu-san
오스모시스 존스	osmosis jones
오스카 프라우드	oscar proud
오스칼 프랑소와 드 자르제	oscar francois de jarjayes
오시노 메메	meme oshino
오시노 시노부	shinobu oshino
오시노 오우기	ougi oshino
오시미즈 나코	nako oshimizu
오오무로 사쿠라코	sakurako ohmuro
오오조라 아카리	akari oozora
오오조라 츠바사	tsubasa oozora
오오츠키 유이	yui ohtsuki
오오카미	okami
오오카미 씨와 7명의 동료들	ookami-san to shichinin no nakama-tachi
오오카미카쿠시	ookami kakushi
오오토리 쿄우야	kyoya ootori
오우기 카나메	kaname ohgi
오우마 슈	shu ouma
오우카 하야사카	ouka hayasaka
오유민	takato matsuki
오이카와 츠라라	oikawa tsurara	tsurara oikawa
오이쿠라 소다치	sodachi oikura
오일	oil
오자키 토시오	toshio ozaki
오즈마 리	ozma lee
오즈의 마법사	wizard of oz
오지 모치조	mochizou ooji
오지터	gogeta
오진숙	tamako nobi
오징어 소녀	squid girl
오카베 린타로	rintarou okabe
오카자키 토모야	tomoya okazaki
오쿠무라 린	rin okumura
오쿠무라 유키오	yukio okumura
오크	orc
오키타 소고	sogo okita	sougo okita
오타벡 알틴	otabek altin
오타쿠에게 사랑은 어려워	wotaku ni koi wa muzukashii
오타쿠의 비디오	otaku no video
오터턴 부인	mrs. otterton
오토 로켓	otto rocket
오토기 류지	duke devlin
오토나시 유즈루	yuzuru otonashi
오토나시 쿄코	kyoko otonashi
오토데스크 스케치북 프로	sketchbook
오토메 아리스가와	otome arisugawa
오토메 카토	otome katou
오토바이 특공대	biker mice from mars
오토사카 유우	yuu otosaka
오토파이즈리	autopaizuri
오토하 사쿠라노	otoha sakurano
오피스	off
오필리아	ophelia
옥상의 백합령씨	okujou no yurirei-san
옥토패스 트래블러	octopath traveler
온라인 게임의 신부는 여자아이가 아니라고 생각한 거야?	netoge no yome wa onnanoko ja nai to omotta
온천	onsen
올 유 니드 이즈 킬	all you need is kill
올 헤일 킹 줄리언	all hail king julien
올가 이츠카	orga itsuka
올가 파타키	olga pataki
올드 가드	the old guard
올라프	olaf
올리버 이노에	oliver inoe
올리버와 친구들	oliver and company
올리비에 미라 암스트롱	olivier mira armstrong
올마이트	all might
올바 프로스트	olba frost
옵티머스 프라임	optimus prime
옷 입은 여성과 벗은 남성	clothed female nude male
옷입고 파이즈리	clothed paizuri
와루이지	waluigi
와리오	warioware	wario
와이스 슈니	weiss schnee
와일드 암즈	wild arms
와일드 웨스트 카우보이즈 오브 무 메사	wild west c.o.w.-boys of moo mesa
와일드 크라츠	wild kratts
와일드스타일	wyldstyle
와치독	watch dogs
와카바 걸	wakaba girl
와카바 사에구사	wakaba saegusa
와카바 시노하라	wakaba shinohara
와코 워너	wakko warner
와쿠라 유이나	yuina wakura
와키 레이스	wacky races
와타나베 사키	saki watanabe
와타나베 요우	you watanabe
와타누키 키미히로	kimihiro watanuki
와타루 히비키	wataru hibiki
완다가 간다	wander over yonder
완다와 거상	shadow of the colossus
완소! 퍼펙트 반장	mecha mote
완전 검열	full censorship
완전체 후타나리	full-packaged futanari
왈가닥 루시	i love lucy
왈큐레 로만체	walkure romanze
왈큐레의 모험	valkyrie no bouken
왓슨 박사	john h. watson
왓치맨	watchmen
왕 류밍	wang liu mei
왕관	crown	tiara
왕도둑 jing	jing king of bandits
왕립우주군 오네아미스의 날개	wings of honneamise
왕비실	suneo honekawa
왕좌의 게임	game of thrones
외계 소녀	alien girl
외계인	alien
외계인 삐에로	killer klowns from outer space
외눈박이	monoeye
외모가 남자 같은 여자	tomboy
요괴워치	youkai watch
요다	yoda
요도 삽입	urethra insertion
요르문간드	jormungand	jormungandr
요리왕 비룡	cooking master boy
요마와리: 떠도는 밤	yomawari
요미 다카나시	yomi takanashi
요술곰의 모험나라	adventures of the gummi bears
요술공주 밍키	minky momo
요술공주 샐리	sally the witch
요술소녀	miracle girls
요스가노소라	yosuga no sora
요스케 하나무라	yosuke hanamura
요시노	yoshino
요시노 시마즈	yoshino shimazu
요시노 코사카	yoshino kousaka
요시노 코이와이	yoshino koiwai
요시다 아유미	ayumi yoshida
요시미츠	yoshimitsu
요시유키 테라다	yoshiyuki terada
요시카와 치나츠	chinatsu yoshikawa
요시코 츠시마	yoshiko tsushima
요시하루 사가라	yoshiharu sagara
요정	fairy
요정 비비안	elaine	ninian
요츠바 아리스	alice yotsuba	cure rosetta
요츠바 코로로	kokoro yotsuba
요츠바랑!	yotsubato
요코 리트너	yoko ritona
요코 사카키바라	yoko sakakibara
요코 쿠라마	kurama	yoko kurama
요한 트리니티	johann trinity
욕심쟁이 오리아저씨	ducktales
용왕이 하는 일!	ryuuou no oshigoto
용용나라로 떠나요	dragon tales
용의 전설 드래곤부스터	dragon booster
용의 전설 레전더	legendz
용의 치과의사	ryuu no haisha
용자 엑스카이저	yuusha exkaiser
용자왕 가오가이가	gaogaigar
용자특급 마이트가인	brave express might gaine
용호의 권	art of fighting
우기부기	oogie boogie
우나기야 이쿠미	ikumi unagiya
우노하나 레츠	retsu unohana
우는	crying
우당탕탕 닥터지	dokkiri doctor
우당탕탕 로코와 친구들	rockos modern life
우당탕탕 잉양요	yin yang yo
우디 말든	woody malden
우라라 미로첩	urara meirochou
우라라 오즈	urara ozu
우라메시 유스케	yusuke urameshi
우라시마 케이타로	keitaro urashima
우라하라 키스케	jinta hanakari	kisuke	kisuke urahara
우르술라	ursula
우르키오라 쉬퍼	ulquiorra cifer
우리 집의 여우신령님.	wagaya no oinari-sama
우리는 공부를 못해|좆부씹해	bokutachi wa benkyou ga dekinai
우리는 챔피언	bakusou kyoudai lets and go
우리들은 모두 카와이네	bokura wa minna kawaisou
우마루 도마	umaru doma
우마무스메 프리티 더비	uma musume pretty derby
우마왕	gyumao	ox-king
우미노 이루카	iruka umino
우사 편	usapyon
우사기 사이온지	usagi saionji
우사다 히카루	rabi en rose
우사미 이치카	ichika usami
우사비치	usavich
우솝	usopp
우에노 나오카	naoka ueno
우에키의 법칙	the law of ueki
우이하루 카자리	kazari uiharu
우자키 양은 놀고싶어!	uzaki-chan wa asobitai
우정훈	takuya kanbara
우주 보안관 장고	bravestarr
우주 스파이 짐	invader zim
우주 전사 버즈	buzz lightyear of star command
우주 전쟁	the war of the worlds
우주 패트롤 루루코	space patrol luluco
우주를 달리는 소녀	sora wo kakeru shoujo
우주보다 먼 곳	sora yori mo tooi basho
우주선장 율리시스	ulysses 31
우주소녀 베티	atomic betty
우주소년 아톰	astro boy
우주용사 다이노서	dinosaucers
우주의 세 용사	the amazing 3
우주의 스텔비아	uchuu no stellvia
우주의 왕자 히맨	he-man and the masters of the universe
우주의 전사 쉬라	she-ra and the princesses of power
우주전함 야마토	space battleship yamato
우주전함 야마토 2199	space battleship yamato 2199
우주해적 미토의 대모험	space pirate mito
우주형사 샤이다	space sheriff shaider
우주형제	space brothers
우즈마키 나루토	naruto uzumaki
우즈마키 보루토	hinata takanashi	boruto uzumaki
우즈마키 쿠시나	kushina uzumaki
우즈마키 히마와리	himawari	himawari uzumaki
우츠기 미코토	mikoto utsugi
우츠기 유키	yuuki utsugi
우츠츠	utsutsu
우치하 마다라	madara uchiha
우치하 사라다	sarada uchiha
우치하 사스케	sasuke uchiha
우치하 오비토	obito uchiha
우치하 이타치	itachi uchiha
우키타케 쥬시로	jushiro ukitake
우타 유메노	uta yumeno
우타∽카타	uta kata
우폿테!!	upotte
우후라	nyota uhura
운동바지	gymshorts
운동복	tracksuit
운명	kamakura monogatari
운카르 플럿	unkar plutt
울라	oola
울려라! 유포니엄	hibike euphonium
울룩불룩 공주	lumpy space princess
울리히 스턴	ulrich stern
울버린	wolverine
울트라매니악	ultra maniac
울트라맨	ultraman
울트라바이올렛	ultraviolet
울티아 밀코비치	ultear milkovich
울펜슈타인 시리즈	wolfenstein
울프스 레인	wolfs rain
울프워커스	wolfwalkers
워 해머	warhammer
워드 걸	wordgirl
워리어	warrior
워윅	warwick
워즈 워스	words worth
워킹 데드	the walking dead
워터마크	watermarked
워프레임	warframe
원 빅 해피	one big happy
원더 모모	wonder momo
원더 에그 프라이어리티	wonder egg priority
원더보이: 드래곤즈 트랩	wonder boy the dragons trap
원더우먼	wonder woman
원반황녀 왈큐레	ufo princess valkyrie
원샷	oneshot
원숭이	monkey
원숭이 섬	monkey island
원신	genshin impact
원아웃	one outs
원펀맨	one punch man
원피스	one piece
원피스: 황금의 대해적 우난	bokura no saga
월-e	wall-e
월간순정 노자키 군	gekkan shoujo nozaki-kun
월드 오브 워크래프트	world of warcraft
월드 오브 탱크 블리츠	world of tanks
월드 트리거	world trigger
월리 웨스트	kid flash	wally west
월면토병기 미나	getsumen to heiki mina
월요일의 타와와	getsuyoubi no tawawa
월터 쿰 도르네즈	walter c. dornez
월화의 검사	the last blade
월희	tsukihime
웜	worms
웜홀	wormhole
웨딩 드레스	bride
웨딩피치	wedding peach
웨이사이드	wayside
웨이터	waiter
웨이트리스	waitress
웨일런 스미더스	waylon smithers
웬디	wendy corduroy
웬디 가렛	wendy garret
웬디 달링	leena	wendy darling
웬디 마벨	wendy marvell
웬디 테스터버거	wendy testaburger
웬디고	wendi
웬즈데이 아담스	wednesday addams
웰베르 이야기	wellber no monogatari
웰컴 투 피아 캐럿	pia carrot
웹 고스트 피포파	net ghost pipopa
웹툰	webtoon
위 베어 베어스: 곰 브라더스	we bare bears
위대한 명탐정 바실	the great mouse detective
위도우메이커	widowmaker
위미르	ymir
위저드 배리스터즈 - 변마사 세실	wizard barristers
위저드리	wizardry
위쳐	the witcher
위츠 소우	witz sou
위치 크래프트 워크스	witch craft works
위치 헌터 로빈	witch hunter robin
위치블레이드	witchblade
위컨	wiccan
윈리 록벨	winry rockbell
윈스턴	winston
윌로우 로젠버그	willow rosenberg
윌리엄 버킨	william birkin
윌마 플린츠토네	wilma flintstone
윌포드	wilford
윔시 웨더베	whimsey weatherbe
윔피 키드	diary of a wimpy kid
윙 커맨더	wing commander
윙스 클럽	winx club
유 하즈키	you hazuki
유가영	kagome higurashi
유그드라 유니온	yggdra union
유나 미야마	yuna miyama
유녀전기	youjo senki
유니	uni
유니콘	unicorn
유니키티!	unikitty
유두 팽창	nipple expansion
유두자지	dicknipples
유라 바실 엘든	jura basil elden
유라 오노다	yura onoda
유라기장의 유우나씨	yuragisou no yuuna-san
유란	mei li
유레카 7	eureka 7
유레카 세븐: ao	eureka seven ao
유령	ghost
유령 신부	corpse bride
유루메이츠	yurumates
유루유리	yuruyuri
유루캠프△	yuru camp
유리 마리야	yuri mariya
유리 사카자키	yuri sakazaki
유리 사카키바라	yuri sakakibara
유리 알파	yuri alpha
유리 에버바인	yuri eberwein
유리 오타니	yuri otani
유리!!! on ice	yuri on ice
유리가면	glass mask
유리안	urien
유리코 나나오	yuriko nanao
유리쿠마 아라시	yurikuma arashi
유메닛키	yume nikki
유메하라 노조미	cure dream	nozomi yumehara
유미 미야모토	yumi miyamoto
유미 오무라	yumi omura
유미 이시야마	yumi ishiyama
유미 쿠사카베	yumi kusakabe
유미 하나조노	yumi hanazono
유미 후쿠자와	yumi fukuzawa
유미코 미우라	yumiko miura
유사 니시모리	yusa nishimori
유산	abortion
유성의 록맨	mega man star force
유스케 키타가와	yusuke kitagawa
유스타스 캡틴 키드	eustass kid
유스터스 바게	eustace	eustace bagg
유아	toddlercon
유아적인행동	infantilism
유야 사카키	yuya sakaki
유에	yukito tsukishiro
유에 아야세	yue ayase
유우코 요시카와	yuuko yoshikawa
유우키 나오	juliet nao zhang	nao yuuki
유우키 나츠노	natsuno yuuki
유우키 리토	riko yuusaki	rito yuuki
유우키 미즈호	mizuho yuuki
유우키 미캉	mikan yuuki
유우키 아스나	asuna yuuki
유우키 유우나는 용자다	washio sumi wa yuusha de aru	yuuki yuuna wa yuusha de aru
유우히 쿠레나이	kurenai yuhi
유유백서	yu yu hakusho
유유시키	yuyushiki
유이 이카리	yui ikari
유이 쿠사나기	yui kusanagi
유이 타카무라	yui takamura
유이리 바하나	juli bahana
유적탐험대 팜&amp;일	ruin explorers
유즈 아이하라	yuzu aihara
유즈 쿠로사키	yuzu kurosaki
유즈키 구레바야시	yuzuki kurebayashi
유즈키 세오	yuzuki seo
유즈키 후와	yuzuki fuwa
유즈하라 이노리	inori yuzuriha
유지오	eugeo
유진	yoshino fujieda
유치원복	kindergarten uniform
유카리 니타니	yukari nitani
유카리 사쿠라기	yukari sakuragi
유카리 사하시	yukari sahashi
유카코 야마기시	yukako yamagishi
유코 미야베	yuko miyabe
유코 카즈키	youko kazuki
유클리우드 헬사이즈	eucliwood hellscythe
유키 나가토	yuki nagato
유키 다케야	yuki takeya
유키 미타니	yuki mitani
유키 사나다	yuki sanada
유키 카타오카	yuuki kataoka
유키나 시라토리	yukina shiratori
유키나 시라하네	yukina shirahane
유키네	yukine
유키네 크리스	chris yukine
유키노	yukari yukino
유키노 사쿠라이	yukino sakurai
유키노 키쿠카와	yukino kikukawa
유키무라 쿠스노키	yukimura kusunoki
유키시로 호노카	cure white	honoka yukishiro
유키에 마유즈미	yukie mayuzumi
유키카제	yukikaze
유키코 공주	yukiko-hime
유키코 히로타	yukiko hirota
유타 도모나가	yuuta tomonaga
유타 카나미	kanami yuta
유토 아마카와	yuto amakawa
유토니움 교수	professor utonium
유피 키사라기	yuffie kisaragi
유희왕	yu-gi-oh
유희왕 5d	yu-gi-oh 5ds
유희왕 arc-v	yu-gi-oh arc-v
유희왕 gx	yu-gi-oh gx
유희왕 sevens	yu-gi-oh sevens
유희왕 vrains	yu-gi-oh vrains
유희왕 zexal	yu-gi-oh zexal
육문천외 몬코레 나이트	mon colle knights
육변기	public use
육상방위대 마오	ground defense force mao-chan
육신합체 갓마즈	rokushin gattai godmars
윤	yun lee
윤 이이지마	yun iijima
윤회의 라그랑제	rinne no lagrange
융 희 타이슨	yung hee tyson
은세나	rika nonaka
은여우 -신의 사자-	gingitsune
은하에 킥오프!!	ginga e kickoff
은하전국군웅전 라이	ginga sengoku gun yuuden rai
은하철도 999	galaxy express 999
은하철도 이야기	ginga tetsudou monogatari
은혼	gintama
음낭 란제리	scrotal lingerie
음수성전	twin angels
음수학원: 라☆블루 걸	la blue girl
음양대전기	onmyou taisenki
음양사	onmyoji
음요충	inyouchuu
응광	ningguang
응석부리지마!!	amaenaideyo
의인화	gijinka
의천도룡기 2019	heavenly sword
이 게임 폐인이 사는 법	netojuu no susume
이 멋진 세계에 축복을!|코스노바	kono subarashii sekai ni syukufuku o
이 미술부에는 문제가 있다!	kono bijutsubu ni wa mondai ga aru
이 용사가 zzang센 주제에 너무 신중하다	shinchou yuusha kono yuusha ga ore tueee kuse ni shinchou sugiru
이 중에 1명, 여동생이 있다!	kono naka ni hitori imouto ga iru
이 추하고도 아름다운 세계	this ugly yet beautiful world
이가라시 쿄코	kyoko igarashi
이것은 좀비입니까?	kore wa zombie desu ka
이겨라 승리호	yatterman
이국미로의 크로와제	ikoku meiro no croisee
이글 마린	marin aquila
이나리, 콩콩, 사랑의 첫걸음	inari konkon koi iroha
이나중 탁구부	ping pong club
이나즈마 일레븐	inazuma eleven
이나즈마 일레븐 go	inazuma eleven go
이네즈 프레상주	inez fressange
이노우에 오리히메	orihime inoue
이누×보쿠ss	inu x boku ss
이누무타 호카	houka inumuta
이누야샤	inuyasha
이누즈카 키바	kiba inuzuka
이니드	enid
이니셜 d	initial d
이단 윈터스	ethan winters
이드: 인베이디드	id invaded
이렐리아	irelia
이루마 스즈키	iruma suzuki
이루마티오	irrumatio
이리나 시도	irina shidou
이리나 옐라비치	irina jelavic
이리노 사야	black gold saw
이리스의 아틀리에 이터널 마나	atelier iris
이리야스필 폰 아인츠베른	illyasviel von einzbern
이마리 나가쿠라	imari nagakura
이모코 시시도	imoko shishido
이모티: 더 무비	the emoji movie
이미나	mimi tachikawa
이바라 나루세	ibara naruse
이바라 마야카	mayaka ibara
이반 드라고	ivan drago
이반 카렐린	ivan karelin
이본 세트	variant set
이부키 야가미	ibuki yagami
이브 온라인	eve online
이브 와카미야	eve wakamiya
이블 데드	evil dead
이블린	evelynn	evelyn
이사미 알디니	isami aldini
이사벨 바스케스	isabel vasques
이상한 곳에 질이 있음	adventitious vagina
이상한 나라의 미유키쨩	fushigi no kuni no miyuki-chan
이상한 나라의 앨리스	alice in wonderland
이세 나나오	nanao ise
이세계 마왕과 소환 소녀의 노예 마술	isekai maou to shoukan shoujo no dorei majutsu
이세계 치트 마술사	isekai cheat magician
이세계의 성기사 이야기	isekai no seikishi monogatari
이소가이 유마	yuuma isogai
이슈타르	ishtar
이스 : 셀세타의 수해	ys iv
이스즈 하나	hana isuzu
이시다 우류	uryuu ishida
이시드로	isidro
이시즈 이슈타르	ishizu ishtar
이시카와 고에몽	goemon ishikawa xiii
이안 바시티	ian vashti
이오리 나가세	iori nagase
이오리 린코	rinko iori
이오리 세이	sei iori
이오리 와타누키	iori watanuki
이오리 이즈미	iori izumi
이온 플럭스	aeon flux
이와사와 마사미	masami iwasawa
이요르	eeyore
이웃집 토토로	my neighbor totoro
이윽고 네가 된다	yagate kimi ni naru
이자벨라	isabelle
이자벨라 발렌타인	ivy valentine
이자와	hiromi izawa
이자요이 리코	cure magical	riko izayoi
이자요이 사쿠야	sakuya	sakuya izayoi
이자요이 아키	aki izayoi
이자크 쥴	yzak joule
이종족 리뷰어즈	ishuzoku reviewers
이즈리얼	ezreal
이즈마	yzma
이즈모 쿠사나기	izumo kusanagi
이즈미 나세	izumi nase
이즈미 마사무네	masamune izumi
이즈미 마키하라	izumi makihara
이즈미 사기리	sagiri izumi
이즈미 사쿠라이	izumi sakurai
이즈미 세나	izumi sena
이즈미 아카자와	izumi akazawa
이즈미 커티스	izumi curtis
이즈미 코나타	konata izumi
이즈미 코즈에	kozue izumi
이츠키 나카노	itsuki nakano
이츠키 코이즈미	itsuki koizumi
이치고 모리노	ichigo morino
이치노세 시키	shiki ichinose
이치노세 하지메	hajime ichinose
이치로 미하라	ichiro mihara
이치로 오가미	ichiro ogami
이치로 하나조노	ichiro hanazono
이치마루 긴	gin ichimaru
이치카 타치바나	ichika tachibana
이치카 타카츠키	ichika takatsuki
이치코 사쿠라	ichiko sakura
이치하라 유코	yuuko ichihara
이카 무스메	ika musume
이카로스	ikaros
이카루가	ikaruga
이카리 겐도	gendo ikari	gendou ikari
이카리 신지	shinji ikari
이케다 치토세	chitose ikeda
이쿠 카사하라	iku kasahara
이쿠노	ikuno
이쿠미 미토	ikumi mito
이쿠야 키리시마	ikuya kirishima
이쿠코 츠키노	ikuko tsukino
이크는 멋쟁이	eek the cat
이타루 하시다	itaru hashida
이탈리아어	italian
이터널 다크니스	eternal darkness sanitys requiem
이토노코기리 게이스케	dick gumshoe
익스트림 고스트버스터즈	extreme ghostbusters
익시온 사가 dt	ixion saga dt
인간 로케티어	the rocketeer
인간가구	forniphilia
인기 라이트노벨 작가인 남고생이 연하의 클래스메이트이자 성우인 여자아이에게 목을 졸리고 있다.	danshi koukousei de urekko light novel sakka o shiteiru keredo
인덱스 라이브로룸 프로히비토룸	index librorum prohibitorum
인도네시안어	indonessian
인디비지블	indivisible
인디아나 존스	indiana jones
인랑	jin-roh
인류는 쇠퇴했습니다	jinrui wa suitai shimashita
인비저블우먼	susan storm
인사이드 아웃	inside out
인생	jinsei
인셉션: 코볼사의 일	inception
인어 공주	the little mermaid
인어녀	mermaid
인조인간 16호	android 16
인조인간 17호	android 17
인조인간 18호	android 18
인조인간 키카이다	kikaider
인챈트리스	enchantress
인체개조	body modification
인크래더블	the incredibles
인피니트 스트라토스	infinite stratos
인피니티 블레이드	infinity blade
인형공주 리카	super doll licca-chan
인형관절	doll joints
일곱 개의 대죄	nanatsu no taizai	seven mortal sins
일기당천	ikkitousen
일라오이	illaoi
일레이나	elaina
일레인 말리	elaine marley
일루셔니스트	the illusionist
일본어	japanese
일본의 어두운 여름 원죄	enzai
일상	nichijou
일주일간 친구	one week friends
일하는 세포	hataraku saibou
잃어버린 미래를 찾아서	in search of the lost future
임신	pregnant
임프몬	impmon
입양가족	inseki
입이나 항문으로 물체가 삽입되어 반대편으로 나와서 몸을 관통함	all the way through
잇신 쿠로사키	isshin kurosaki
자 자 빙크스	jar jar binks
자궁에 직접적으로 성기를 삽입	cervix penetration
자나 오르도니아	janna ordonia
자라키 켄파치	kenpachi zaraki
자리야	zarya
자밀 니트	jamil neate
자바 더 헛	jabba the hutt
자신의 몸이 타인의 의지대로 움직임	possession
자야	xayah
자위	masturbation
자이겐타	giganta
자이라	zyra
자이언트 로보	giant robo
자주	zazu
자주카	jajuka
자지가 커짐	dick growth
자쿠즈레 노논	nonon jakuzure
자크	zac
자타나	zatanna zatara
자파르	jafar
자피나	zafina
작가	artist
작안의 샤나	shakugan no shana
작열의 탁구소녀	shakunetsu no takkyuu musume
작은 눈의 요정 슈가	a little snow fairy sugar
작은 아씨들	ai no wakakusa monogatari
작은 아씨들 - 조의 아이들	wakakusa monogatari nan to jou sensei
작은남자	miniguy
작전명 발키리	its walky
잔 다르크	jeanne alter
잔나	janna
잔잔한 내일로부터	nagi no asukara
잔향의 테러	zankyou no terror
잠바 쥬키 바바	jumba jookiba
잠자는 숲속의 미녀	sleeping beauty
잠자리	dragonfly
장 로크 라르티그	jean roque raltique
장 발장	jean valjean
장 자크 르로이	jean-jacques leroy
장 키르슈타인	jean kirschtein
장 피에르 폴나레프	jean pierre polnareff
장 해벅	jean havoc
장갑	gloves
장갑기병 보톰즈	armored trooper votoms
장고: 분노의 추적자	django unchained
장기에프	zangief
장난을 잘 치는 타카기 양	karakai jouzu no takagi-san
장신소녀 마토이	soushin shoujo matoi
장애인	handicapped
장한솔	izzy izumi
장화 신은 고양이의 신나는 모험	the adventures of puss in boots
재니스 링컨	janice lincoln
재닌 멜니츠	janine melnitz
재스퍼 헤일	jasper hale
재와 환상의 그림갈	hai to gensou no grimgar
재작성	rewrite
재즈 펜튼	jasmine fenton
재즈민 뒤부아	jazmine dubois
재클린 로데스	jacqueline rhodes
재키 린 토마스	jackie lynn thomas
재키 브라이언트	jacky bryant
재키 트리스탄	jackie tristan
잭 더 리퍼	jack the ripper
잭 스패로	jack sparrow
잭 아틀라스	jack atlas
잭슨	jackson whittemore
쟈니 테스트	johnny test
저, 트윈 테일이 됩니다	ore twintail ni narimasu.
저거노트	juggernaut
저비스 펜들튼 3세	jervis
저스트 코즈	just cause
저스티스 리그	justice league
저스틴	zastin
저스틴 플래너	justine flanner
저지 드레드	judge dredd
저팔계	cho hakkai
저편의 아스트라	kanata no astra
전국 바사라	sengoku basara
전국 소녀	sengoku otome
전국 에이스	sengoku ace
전국마신 고쇼군	goshogun
전국무쌍	samurai warriors
전기 충격	electric shocks
전뇌 코일	dennou coil
전뇌전기 버추얼 온	virtual on
전립선 마사지	prostate massage
전생했더니 슬라임이었던 건에 대하여	tensei shitara slime datta ken
전설거인 이데온	space runaway ideon
전설의 용자의 전설	the legend of the legendary heroes
전신 문신	full body tattoo
전영소녀	video girl ai
전자상가의 서점 아가씨	denkigai no honya-san
전장의 발큐리아	valkyria chronicles
전투메카 자붕글	combat mecha xabungle
전투원, 파견합니다!	sentouin hakenshimasu
전파녀와 청춘남	denpa onna to seishun otoko
전함소녀	warship girls
전희절창 심포기어	senki zesshou symphogear
절단	amputation
절대 가련 칠드런	zettai karen children
절대무적 라이징오	zettai muteki raijin-oh
절대방위 레비아탄	zettai bouei leviathan
절대순백 ♡ 마법소녀	zettai junpaku mahou shoujo
절원의 템페스트	blast of tempest
절체절명도시 3: 무너져가는 도시와 그녀의 노래	zettai zetsumei toshi 3
정글로 가자	jungle de ikou
정글북	the jungle book
정글은 언제나 맑은 뒤 흐림	jungle wa itsumo hare nochi guu
정들면 고향 코스모스장	dokkoida
정리되지 않음	out of order
정밀의 하산	hassan of serenity
정보없음	n/a
정액	gokkun
정액 목욕	cum bath
정액을 먹음	gokkun
정조대	chastity belt
정크렛	junkrat
젖꼭지 가리개	pasties
젖꼭지 자극	nipple stimulation
젖꼭지 출생	nipple birth
젖소	cow
젖소녀	cowgirl
젖은 옷	wet clothes
제5원소	the fifth element
제5인격	identity v
제가페인	zegapain
제너레이션 오브 카오스	generation of chaos
제너레이터 렉스	generator rex
제노기어스	xenogears
제노블레이드 크로니클스 2	xenoblade chronicles 2	xenoblade x
제노블레이드 크로니클즈	xenoblade
제노사가	xenosaga
제니 웨이크만	jenny wakeman
제니 폭스워스	jenny foxworth
제독	teitoku
제랄드 마틴 요한센	gerald johanssen
제레미아 고트발트	jeremiah gottwald
제로	fatal frame
제로 키류	zero kiryuu
제로부터 시작하는 마법의 서	zero kara hajimeru mahou no sho
제로스	xellos
제로의 사역마	zero no tsukaima
제로투	zero two
제루샤 애보트	judy abbott
제르가디스 그레이워즈	zelgadis graywords	zelgadis greywords	zelgadiss graywords
제리드 메사	jerid messa
제멋대로 카이조	katte ni kaizou
제모후 짧게 다시자란 음모	pubic stubble
제미니 사가	gemini saga
제비뽑기 언밸런스	kujibiki unbalance
제비우스	xevious
제슨 가족	the jetsons
제시 케년	jessie bannon
제시카 래빗	jessica	jessica rabbit
제이나 솔로	jaina solo fel
제이나 프라우드무어	jaina proudmoore
제이드	jade chan
제이드 엠파이어	jade empire
제이든 유키	jaden yuki
제이라무	zeiram
제이미 라니스터	jaime lannister
제이슨 부히스	jason voorhees
제이크	jake the dog
제이크 설리	jake sully
제이크 크라우저	jack krauser
제인 레인	jane lane
제인 리드	jane read
제인 제트슨	jane jetson
제인 포스터	jane foster
제인 포터	jane porter
제임스 모리아티	james moriarty
제임스 베가	james vega
제임스 본드	james bond
제임스 포터	james potter
제임스와 거대한 복숭아	james and the giant peach
제츠	zetsu
제트파이어	skyfire
젝스	zack fair
젝스 마키스	zechs merquise
젠 13 : 게놈 프로젝트	gen 13
젠 매스터슨	jen masterson
젠야타	zenyatta
젤다	princess zelda
젤다의 전설	the legend of zelda
젬 앤 더 홀로그램	jem and the holograms
조 히비키	joe hibiki
조니 케이지	johnny cage
조디 스털링	jodie starling
조디 헤이워드	jody hayward
조르겐 스트렝글	jorgen von strangle
조부모와 손녀가	granddaughter
조셉 그리블	joseph gribble
조쉬 스피츠	josh spitz
조시 리잘	josie rizal
조시라쿠	joshiraku
조안나 다크	joanna dark
조에 드레이크	zoe drake
조이	zoe
조이드	zoids
조이드 신세기 제로	zoids new century
조이드 제네시스	zoids genesis
조제 카리오카	jose carioca
조지 드 샌드	george de sand
조지 스테이시 청장	george stacy
조지 오브 정글	george of the jungle
조지 제트슨	george jetson
조지 하스킬	george haskill
조커	red hood
조한	you dont mess with the zohan
존 "소프" 맥태비시	john mactavish
존 d. 조이버그 박사	dr. john a. zoidberg
존 스노우	jon snow
존 컨스턴타인	john constantine
존 켄트	jonathan kent	jonathan samuel kent
졸라큰 가슴	gigantic breasts
좀비	zombie
좀비 랜드 사가	zombie land saga
종말의 세라프	seraph of the end
종말의 이제타	shuumatsu no izetta
좌부동자	zashiki-warashi
죄와 벌: 지구의 계승자	sin and punishment
죠 히가시	joe higashi
죠가사키 미카	mika jougasaki
죠나단 죠스타	jonathan joestar
죠노우치 카츠야	joey wheeler
죠니 브라보	johnny bravo
죠르노 죠바나	giorno giovanna
죠셉 죠스타	joseph joestar
죠죠의 기묘한 모험	jojos bizarre adventure
주근깨	freckles
주디 제트슨	judy jetson
주디 홉스	judy hopps
주리 구레바야시	juri kurebayashi
주리 아리스가와	juri arisugawa
주먹왕 랄프	wreck it ralph
주문은 토끼입니까?|주문토끼|좆물토끼	gochuumon wa usagi desu ka
주베이짱	jubei-chan
주사기	syringe
주술회전	jujutsu kaisen
주온	ju-on
주이치 후쿠토미	juichi fukutomi
주코	zuko
주토피아	zootopia
죽은 자의 제국	shisha no teikoku
죽음의 신	death	the grim reaper
준	jun the swan
준 나가세	jun nagase
준 다비	june darby
준 시오미	jun shiomi
준 아오이	jun aoi
준 후유미	jun fuyumi
준야 사사키	junya sasaki
준이치 타치바나	junichi tachibana
준코 아사기리	junko asagiri
준코 카나메	junko kaname
준코 핫토리	junko hattori
준타 테시마	junta teshima
준페이 마나카	junpei manaka
준페이 이오리	junpei iori
줄리	julie makimoto
줄리 야마모토	julie yamamoto
줄리 파워	julie power
줄리아 창	julia chang
줄리아 크리스탈	masumi kotsu
줄리에타 사카모토	julietta sakamoto
줄무늬 팬티	shimapan
중2병이라도 사랑이 하고 싶어!	chuunibyou demo koi ga shitai
중국어	chinese
중세 시대의 금속 갑옷	metal armor
중전기 엘가임	heavy metal l-gaim
쥐	mouse
쥬다르	judal
쥬도 아시타	judau ashta
쥬라기 공원	jurassic park
쥬로링 동물탐정	anyamaru tantei kiruminzoo
쥬만지	jumanji
쥬베이 야마다	jubei yamada
쥬얼 펫	jewelpet
쥬얼리 보니	jewelry bonney
쥬얼펫 매지컬 체인지	jewelpet magical change
쥬오인 카케루	kakeru juuouin
즐겁게 놀아보세	asobi asobase
지.아이.조: 전쟁의 서막	g.i. joe
지겐 다이스케	dan dunn	daisuke jigen
지구수비대	defenders of the earth
지그프리드 키르체이스	siegfried kircheis
지금 남편이 무슨 말을 하는 거지?	danna ga nani o itteiru ka wakaranai ken
지노 와인버그	gino weinberg
지노라	jinora
지니	jeanie macdowell	the genie
지니 위즐리	ginevra weasley	ginny weasley
지라이야	ikazuchi	jiraiya
지라치	jirachi
지론 아모스	jiron amos
지미 올슨	jimmy olsen
지바냥	jibanyan
지박소년 하나코 군	jibaku shounen hanako-kun	jibaku-kun
지배 상실	domination loss
지브릴	jibril
지어스	bokurano
지옥선생 누베	hell teacher nube
지옥소녀	jigoku shoujo
지킬 박사	henry jekyll and hyde
진 가면라이더 서장	kamen rider shin
진 군힐드	jean gunnhildr
진 그레이	jean grey
진 미쿠리야	jin mikuriya
진 스타윈드	gene starwind
진 시라토	jin shirato
진 어소	jyn erso
진 여신전생	shin megami tensei
진 여신전생 iii: 녹턴	shin megami tensei nocturne
진 키사라기	jin kisaragi
진·삼국무쌍	dynasty warriors
진가 나카지마	ginga nakajima
진가 이즈모	ginga izumo
진가경	keqing
진격의 거인	shingeki no kyojin
진공침대	vacbed
진노 메구미	megumi jinno
진심으로 날 사랑해라!!	maji de watashi ni koi shinasai
진애리	eri kasuga
진저 파우틀리	ginger foutley
진주	pearl krabs
질 발렌타인	jill valentine
질 출산	vaginal birth
질내 사정	nakadashi
질데로이 록허트	gilder
질식	asphyxiation
질이나 항문으로 사람을 삼켜서 흡수함	unbirth
질이나 항문을 벌리는 의학적 도구	speculum
짐 호킨스	jim hawkins
집사	butler
집주인은 사춘기!	ooyasan wa shishunki
징베	jinbe
징징이	squidward tentacles
징크스	jinx
짧은 운동 용 바지	gymshort
짱구는 못말려	crayon shin-chan
쪽빛보다 푸르게	ai yori aoshi
쫑아는 사춘기	azuki-chan
쫑알쫑알 진저	as told by ginger
차이나 드레스	chinese dress
차지맨 켄!	chargeman ken
차차	magical princess
차파예프	chapayev
찬 아기	chan agi
찰리 내쉬	charlie nash
찰리 왓슨	charlie watson
찰리의 천국여행	all dogs go to heaven
찰스 빔스	charles beams
참캐스터	charmcaster
창 우페이	chang wufei
창성의 아쿠에리온	aquarion
창세기전	the war of genesis
채민서	kaede minami
채소연	haruko akagi
채스 핀스터	chaz finster
채액 교환	cum swap
채운국 이야기	saiunkoku monogatari
채찍	whip
책상자위	table masturbation
처키	chucky	ray ray lee
처키 핀스터	chuckie finster
천공의 성 라퓨타	laputa castle in the sky
천공의 에스카플로네	the vision of escaflowne
천년전쟁 아이기스	sennen sensou aigis
천사	angel	kanade tachibana
천사가 될 거야	tenshi ni narumon
천사소녀 네티	saint tail
천사소녀 새롬이	creamy mami
천상천하	tenjou tenge
천수의 사쿠나히메	sakuna of rice and ruin
천신란만	tenshin ranman
천연*만화	senren banka
천원돌파 그렌라간	tengen toppa gurren lagann
천일의 스캔들	the other boleyn girl
천장전대 고세이저	tensou sentai goseiger
천재 강아지 미스터 피바디	mr. peabody and sherman
천재 바카본	the genius bakabon
천재소년 지미 뉴트론	the adventures of jimmy neutron boy genius
천주	tenchu
천지무용!	tenchi muyo
천지무용! gxp	tenchi muyo gxp
천지창조	terranigma
천진반	tien shinhan
천체의 메소드	sora no method
천하무적 멍멍기사	dogtanian and the three muskehounds
천하무적 크래쉬비드맨	crash b-daman
철권	tekken
철완 버디 decode	birdy the mighty
철콘 근크리트	tekkon kinkreet
첫 갸루	hajimete no gal
첫 경험	defloration
첫사랑 좀비	hatsukoi zombie
첫사랑 한정	hatsukoi limited
청각 장애인	mute
청의 엑소시스트	ao no exorcist
청춘 x 기관총	aoharu x kikanjuu
청춘 돼지는 바니걸 선배의 꿈을 꾸지 않는다|아오부타	seishun buta yarou wa bunny girl senpai no yume o minai
체셔 고양이	cheshire
체스터 맥배드벳	chester mcbadbat
체슬로 메이어	czeslaw meyer
체인소맨	chainsaw man
체코어	czech
체포하라	youre under arrest
첸	chen
첼	chell
쳉	tseng
쳉 롱 리우	cheng-long liu
초 버릇이 될 것 같아	chou kuse ni narisou
초 챙	cho chang
초급편대 에그제로스	dokyuu hentai hxeros
초류향	chu liuxiang
초선	diao chan
초속변형 자이로제타	chousoku henkei gyrozetter
초수기신 단쿠가	dancouga
초시공세기 오거스	super dimension century orguss
초시공요새 마크로스	the super dimension fortress macross
초시공요새 마크로스: 사랑, 기억하고 있습니까	robotech
초앙전인 하루카	beat blades haruka
초음전사 보그맨	sonic soldier borgman
초전동로보 철인 28호 fx	tetsujin 28-gou
초전자머신 볼테스 v	voltes v
초중신 그라비온	gravion
초차원게임 넵튠	hyperdimension neptunia
촉수	tentacles
촬영	filming
최건우	masaru daimon
최근	recent
최면	mind control
최산해	davis motomiya	jun motomiya
최애가 부도칸에 가 준다면 난 죽어도 좋아	oshi ga budoukan ittekuretara shinu
최약무패의 신장기룡	saijaku muhai no bahamut
최유기	saiyuki
최이슬	kasumi
쵸비츠	chobits
추억은 방울방울	only yesterday
추억의 마니	omoide no marnie
축복의 캄파넬라	shukufuku no campanella
축융부인	zhurong
춘리	chun-li
출격! 머신로보 레스큐	machine robo rescue
출동! 메가트레인	hikarian
출동! 바이오 용사	bionic six
출동! 지구특공대	captain planet and the planeteers
출동, 미니스카폴리스	shutsudou minisuka police
출산	birth
출혈	blood
충사	mushishi
취성의 가르간티아	suisei no gargantia
츄-브라!!	chu-bra
츄바카	chewbacca
츠구모모	tsugumomo
츠구미	tsugumi sendo
츠구미 아오바	tsugumi aoba
츠나데	tsunade
츠루기 테츠야	tetsuya tsurugi
츠루마키 마키	maki tsurumaki
츠루야	tsuruya
츠리타마	tsuritama
츠무기 이누즈카	tsumugi inuzuka
츠무기야 우루루	ururu tsumugiya
츠무라 미카게	mikage tsumura
츠바사 -reservoir chronicle-	tsubasa reservoir chronicle
츠바사 시이나	tsubasa shiina
츠바사 카시와기	tsubasa kashiwagi
츠바사 쿠레나이	tsubasa kurenai
츠바키 나카츠카사	tsubaki nakatsukasa
츠바키 카스가노	tsubaki kasuga	tsubaki kasugano
츠바키 타카무라	tsubaki takamura
츠부라야 미츠히코	mitsuhiko tsuburaya
츠요시 시가	tsuyoshi shiga
츠우카아	two car
츠츠카쿠시 츠키코	tsukiko tsutsukakushi
츠치미카도 모토하루	motoharu tsuchimikado
츠카모토 야쿠모	yakumo tsukamoto
츠카사 니시노	tsukasa nishino
츠카사 아야쓰지	tsukasa ayatsuji
츠쿠모 아카리	akari tsukumo
츠쿠모 유마	yuma tsukumo
츠쿠요미 코모에	komoe tsukuyomi
츠키노 미야자와	tsukino miyazawa
츠키노 우사기	usagi tsukino
츠키미야 아유	ayu tsukimiya
츠키요미 이쿠토	ikuto tsukiyomi
츠키카게 유리	cure moonlight	yuri tsukikage
츠토무 고마노	tsutomu komano
치구	smegma
치구사 사카이	chigusa sakai
치구사 아스하	asuha chigusa
치도리 카나메	kaname chidori
치르노	cirno
치바 마모루	mamoru chiba	tuxedo mask
치비우사	chibiusa	sailor chibi moon
치사토 와카미야	chisato wakamiya
치사토 하세가와	chisato hasegawa
치세 하토리	chise hatori
치아 교정기	braces
치아키 나나미	chiaki nanami
치아키 마미야	chiaki mamiya
치아키 미나미	chiaki minami
치아키 엔노	chiaki enno
치어리더	cheerleader
치어릴리	cheerilee
치에 사토나카	chie satonaka
치에 하라다	chie hallard
치요 사쿠라	chiyo sakura
치요 파더	chiyo-chichi
치즈루 난바라	chizuru nanbara
치즈루 모치즈키	chizuru mochizuki
치즈루 미나모토	chizuru minamoto
치즈루 사카키	chizuru sakaki
치즈루 아이자와	chizuru aizawa
치즈루 유키무라	chizuru yukimura
치즈코 오에	chizuko oe
치치	chi chi	qiqi
치칭푸이푸이	puipui
치카 다카미	chika takami
치카 미나즈키	chika minazuki
치카 호무라	chika homura
치카 후지와라	chika fujiwara
치카게 카자마	chikage kazama
치타맨	cheetahmen
치탄다 에루	eru chitanda
치토세	chitose fujinomiya
치토세 카라스마	chitose karasuma
치하루 키세	chiharu kise
치하야 아야세	chihaya ayase
치하야후루	chihayafuru
치한	chikan
치히로 센고쿠	chihiro sengoku
치히로 코사카	chihiro kosaka
친퀘 이즈미	cinque izumi
침	saliva
침략! 오징어 소녀|이카무스메	shinryaku ika musume
침푸이	chinpui
칩과 데일: 다람쥐 구조대	chip n dale rescue rangers
칭송받는 자	utawarerumono
칭송을 받는 자: 거짓의 가면	utawarerumono itsuwari no kamen
카가	kaga
카가리 슈세이	shuusei kagari
카가리 유라 아스하	cagalli yula athha
카가미 쿠사카베	kagami kusakabe
카가미 타이가	taiga kagami
카가미 히이라기	kagami hiiragi
카가미네 렌	len kagamine
카가미네 린	rin kagamine
카게야마 토비오	tobio kageyama
카구라 치즈루	chizuru kagura
카구라자카 아스나	asuna kagurazaka
카구라자키 미야비	miyabi kagurazaki
카구야 님은 고백받고 싶어	kaguya-sama wa kokurasetai
카구야 마도카	cure selene
카나 알베로나	cana alberona
카나 야부키	kana yabuki
카나 이에나가	kana ienaga
카나 이와타	kana iwata
카나 이케다	kana ikeda
카나데 사쿠라이	kanade sakurai
카나데 오에	kanade ooe
카나데 진구지	kanade jinguji
카나데 타카츠키	kanade takatsuki
카나메 다누마	kaname tanuma
카나메 마도카	madoka kaname
카나메 이사키	kaname isaki
카나메모	kanamemo
카나미 미하라	kanami mihara
카나코 미야마에	kanako miyamae
카나코 스미요시	kanako sumiyoshi
카나코 오노	kanako ohno
카나코 쿠루스	kanako kurusu
카난 마츠우라	kanan matsuura
카노 미야자와	kano miyazawa
카노 스미레	sumire kanou
카노 키리시마	kano kirishima
카노우 슈고	shuugo kanou
카노콘	kanokon
카논	kanon
카누카 클랜시	kanuka clancy
카니지	carnage
카도타니 안즈	anzu kadotani
카드캡터 채리	cardcaptor sakura
카드파이트!! 뱅가드	cardfight vanguard
카라코 코시오	karako koshio
카레이도 스타	kaleido star
카렌 니시야마	karen nishiyama
카렌 바클레이	karen barclay
카렌 오노데라	karen onodera
카렌 이치조	karen ichijou
카렌 폰 로즈발트	kanae von rosewald
카루마 메이	franziska von karma
카루이	karui
카르딘 윈체스터	cardin winchester
카르마	karma
카를로스 올리베이라	carlos oliveira
카리나 라일	karina lyle
카리나 사카구치	karina sakaguchi
카리사와 에리카	erika karisawa
카린	karin uzumaki	karin
카린 아사카	karin asaka
카린 증혈기	chibi vampire
카린 키쿠하라	karin kikuhara
카림 그라시아	carim gracia
카마도 탄지로	tanjirou kamado
카말라 칸	kamala khan	ms. marvel
카메론 필립스	cameron phillips
카멕	kamek
카미시로 료가	reginald kastle
카미야	chiyoko kamiya
카미야 카오루	kaoru	kaoru kamiya
카미와자 완다	kamiwaza wanda
카미유 비당	kamille bidan
카미이구사 미사키	misaki kamiigusa
카미조 토우마	touma kamijou
카미츄!	kamichu
카미키 이즈모	izumo kamiki
카미히메 프로젝트	kamihime project
카밀	camille
카밀 토	camille toh
카블람	kablam
카사네 테토	teto kasane
카사마츠 유키오	yukio kasamatsu
카산드라	cassandra
카산드라 알렉산드라	cassandra alexandra
카스가 쿄우코	kyouko kasuga
카스가노 사쿠라	sakura kasugano
카스가노 우라라	cure lemonade	urara kasugano
카스미 모모치	kasumi momochi
카스미 토야마	kasumi toyama
카스민	kasumin
카스웰 프란시스	takashi todoroki
카스티엘	castiel
카시마	kashima
카시와자키 세나	sena kashiwazaki
카시이 나나코	nanako kashii
카야 미요시	kaya miyoshi
카에데 미스미	kaede misumi
카에데 미즈노	kaede mizuno
카에데 사이토	kaede saitou
카에데 이치노세	kaede ichinose
카에데 카야노	kaede kayano
카에데 후요	kaede fuyou
카엔뵤 린	rin kaenbyou
카오루 고노에	kaoru konoe
카오루 니이미	kaoru niimi
카오루 마츠바라	kaoru matsubara
카오루 사쿠라바	kaoru sakuraba
카오루 세오	seo kaoru
카오루 시미즈	kaoru shimizu
카오루 시바	kaoru shiba
카오리 이즈미	kaori izumi
카오리 칸자키	kaori kanzaki
카오스;헤드	chaos head
카와니시 시노부	shinobu kawanishi
카와시마 아미	ami kawashima
카와시마 하루카	haruka kawashima
카와이 사사미	sasami kawai
카와이 시즈카	serenity wheeler
카와이 호노카	honoka kawai
카와치 쿄스케	kyousuke kawachi
카요코 우치다	kayoko uchida
카우보이 비밥	cowboy bebop
카운터-스트라이크	counter strike
카이	red ninja
카이 시덴	kai shiden
카이 키스크	ky kiske
카이네우스	caenis
카이도 미나미	minami kaidou	cure mermaid
카이바 모쿠바	mokuba kaiba
카이바 세토	seto kaiba
카이오 미치루	michiru kaioh	sailor neptune
카이키 데이슈	deishuu kaiki
카이토	kaito
카이토 키리시마	kaito kirishima
카일로 렌	kylo ren
카일리 그리핀	kylie griffin
카자나리 츠바사	tsubasa kazanari
카자마 아스카	asuka kazama
카자마 준	jun kazama
카자마 진	jin kazama
카자미 미즈호	mizuho kazami
카자미 슌	shun kazami
카자미 하야토	hayato kazami
카제하야 쇼타	shouta kazehaya
카즈 시오타	kazu shioda
카즈나리 타카오	kazunari takao
카즈마 사토	kazuma satou
카즈마 이케자와	kazuma ikezawa
카즈미 아사쿠라	kazumi asakura
카즈미 요시다	kazumi yoshida
카즈야 카가미	kazuya kagami
카즈야 카스가	kazuya kasuga
카즈야 쿠조	kazuya kujou
카즈에 다카나시	kazue takanashi
카즈코 카와카미	kazuko kawakami
카즈키 구레바야시	kazuki kurebayashi
카즈키 니시나	kazuki nishina
카즈키 마카베	kazuki makabe
카즈키 페라리	kazuki ferrari
카지 료지	ryoji kaji
카츠 코바야시	katz kobayashi
카츠라 코코로	kokoro katsura
카츠라 코타로	kotarou katsura
카츠라 코토노하	kotonoha katsura
카츠라 히나기쿠	hinagiku katsura
카츠라기 미사토	misato katsuragi
카츠라기 케이마	keima katsuragi
카츠히코 진나이	katsuhiko jinnai
카케구루이	kakegurui
카케루 토도로키	kakeru todoroki
카쿄인 노리아키	noriaki kakyoin
카쿠즈	kakuzu
카타리나	katarina
카타오카 메구	megu kataoka
카테지나 루스	katejina loos
카트르 라버바 위너	quatre raberba winner
카틀레아	cattleya
카틀레아 이베트 라 봄 르 브랑 드 라 폰티누	cattleya yvette la baume le blanc de la fontaine
카페 알파	yokohama kaidashi kikou
카페타	capeta
카후우 치노	chino kafuu
칸나	kannabi no mikoto
칸나 마키노	kanna makino
칸나 카무이	kanna kamui
칸나 키리시마	kanna kirishima
칸나 타니가와	kanna tanigawa
칸나기	kannagi
칸다 소라타	sorata kanda
칸다 유우	yu kanda
칸바라 아키히토	akihito kanbara
칸바루 스루가	suruga kanbaru
칸자키 란코	ranko kanzaki
칸자키 아카리	akari kanzaki
칸자키 우루미	urumi kanzaki
칸자키 유키코	yukiko kanzaki
칸자키 히토미	hitomi kanzaki
칸즈키 카린	karin kanzuki
칸지 사사하라	kanji sasahara
칸지 타츠미	kanji tatsumi
칼 바크스	duckman
칼 이야기	katanagatari
칼 칼슨	carl carlson
칼 휘저	carl wheezer
칼라 재거	carla jaeger
칼리 벨라도나	kali belladonna
칼리 카민	carly nagisa
칼리스타	kalista
칼린 케슬러	kyosuke kiryu
칼훈 병장	tamora jean calhoun
캅스	cops
캇페이 진	kappei jin
캐딜락스 앤 다이노소어즈	cadillacs and dinosaurs
캐라 순	chara soon
캐롤 &amp; 튜즈데이	carole and tuesday
캐롤 브래디	carol brady
캐롤 앤 프릴링	carol anne freeling
캐리 켈리	carrie kelley
캐리 크루거	carrie krueger
캐리건 크리텐든	carrigan crittenden
캐리비안의 해적	pirates of the caribbean
캐릭캐릭 체인지	shugo chara
캐릭터	character
캐릭터를 나타내는 몸 전체를 뒤덮는 코스튬	kigurumi
캐미	cammy white
캐산 sins	casshern sins
캐서린 글래스	catherine glass
캐서린 블룸	catherine bloom
캐서린 엘르 암스트롱	catherine elle armstrong
캐서린 제인웨이	kathryn janeway
캐스터	caster
캐슬바니아	castlevania
캐시 캐서린	cathy katherine
캐시 케이지	cassie cage
캐시 테이머	cathy taymor
캐츠 아이	cats eye
캐틀린 스타크	catelyn stark
캔디 치우	candy chiu
캔디스 플린	candace flynn
캘리 토러스	callie
캘빈과 홉스	calvin and hobbes
캠퍼	kampfer
캡틴 n: 더 게임 마스터	captain n the game master
캡틴 레인보우	captain rainbow
캡틴 아메리카	captain america
캡틴 어스	captain earth
캡틴 츠바사	captain tsubasa
캡틴 코만도	captain commando
캡틴 팔콘	captain falcon
캡틴 하록	space pirate captain harlock
캣 보이	catboy
캣니스 에버딘	katniss everdeen
캣독	catdog
캣우먼	selina kyle
캣트라	catra
캥거루	kangaroo
캬루	kyaru
커닐링구스	cunnilingus
커렉터 유이	corrector yui
커맨드 앤 컨커	command and conquer
커밋	kermit
커버 없음	missing cover
커샌드라 케인	cassandra cain
커크 반 허튼	kirk van houten
커플중 한 명 또는 모두가 제3자와 섹스하는 것을 허락함	swinging
컵헤드	cuphead
케나 소가	keena soga
케넨	kennen
케니 매코믹	kenny mccormick
케메코 딜럭스!	kemeko deluxe
케모노 프렌즈	kemono friends
케빈 레빈	kevin levin
케어 베어스	care bears
케이 나가이	kei nagai
케이 요원	agent k
케이 유키	kei yuki
케이 츠키시마	kei tsukishima
케이 쿠사나기	kei kusanagi
케이론	chiron
케이스케 타카하시	keisuke takahashi
케이신 우카이	ukai keishin
케이온	k-on
케이코 키리시마	keiko kirishima
케이타 아오노	keita aono
케이토 니키	keito nichi
케이트 비숍	kate bishop
케이트 오스틴	kate austen
케이틀린	caitlyn
케이틀린 페어차일드	caitlin fairchild
케인	kaine
케일	kayle
케찰코아틀	quetzalcoatl
켄 기타자와	ken utonium
켄 로빈스	ken robbins
켄 마스터스	ken masters
켄 미나미	ken minami
켄 스기사키	ken sugisaki
켄 아마다	ken amada
켄 카네키	ken kaneki	sasaki
켄간 아슈라	kengan ashura
켄달 퍼킨스	kendall perkins
켄세이 무구루마	kensei muguruma
켄스케 아이다	kensuke aida
켄시	kenshi
켄시 마사키	kenshi masaki
켄시로	kenshiro
켄이치 시라하마	kenichi shirahama
켄자키 마코토	cure sword	makoto kenzaki
켄지 고이소	kenji koiso
켄지 니노미야	kenji ninomiya
켄지 미쓰사다	kenji mitsusada
켄타 미사와	kenta misawa
켄타 우스이	kenta usui
켄타 키타가와	kenta kitagawa
켄타우로스	centaur
켈리 타스커	kelly tasker
켈스의 비밀	the secret of kells
코 야가미	kou yagami
코가 노리오	norio koga
코가 토모에	tomoe koga
코가네이 신지	shinji koganei
코가미 신야	shinya kougami
코걸이	nose hook
코끼리	elephant
코나츠 미야모토	konatsu miyamoto
코나츠 하라다	konatsu harada
코난 - 바바리안	conan the barbarian
코넬리아 리 브리타니아	cornelia li britannia
코넬리아 헤일	cornelia hale
코넬리우스 알바	cornelius alba
코노리 미이	mii konori
코노하 이노우에	konoha inoue
코노하 하이다	konoha haida
코니 다미코	connie damico
코니 마헤스와란	connie maheswaran
코니 슈프링어	connie springer
코다마 후미카	fumika kodama
코다이 마모루	mamoru kodai
코다이 스스무	susumu kodai
코다카 하세가와	kodaka hasegawa
코델리아 체이스	cordelia
코드 기어스	code geass
코드 료코	code lyoko
코드 베인	code vein
코드 오브 프린세스	code of princess
코디 트래버스	cody travers
코디 히다	cody hida
코라	korra
코라의 전설	the legend of korra
코렐라인 존스	coraline jones
코렐라인: 비밀의 문	coraline
코르셋	corset
코르토 말테제	corto maltese
코마무라 사진	sajin komamura
코메이지 사토리	satori komeiji
코메이지 코이시	koishi komeiji
코모리양은 거절할 수 없어!	komori-san wa kotowarenai
코무로 타카시	takashi komuro
코미디	comedy
코믹 북 가이	jeff albertson
코믹 파티	comic party
코바야시네 메이드래곤	kobayashi-san-chi no maid dragon
코바야카와 세나	sena kobayakawa
코바토	kobato.
코부시 아비루	abiru kobushi
코사카 시구레	shigure kosaka
코스케 와카마츠	kousuke wakamatsu
코스케 이즈미	kousuke izumi
코스케 츠다	kousuke tsuda
코스프레	cosplaying
코시가야 나츠미	natsumi koshigaya
코시가야 코마리	komari koshigaya
코야마 유즈	yuzu koyama
코에다 섹스	nose fuck
코요이 베소	koyoi bessho
코요테 래그타임 쇼	coyote ragtime show
코요테 스타크	coyote starrk
코우 마부치	kou mabuchi
코우 앤 치킨	cow and chicken
코우 우라키	kou uraki
코우가	kouga
코우가미 타이가	taiga kougami
코우사카 다이스케	daisuke kousaka
코우사카 쿄우스케	kyousuke kousaka
코우사카 키리노	kirino kousaka
코우즈키 카렌	kallen stadtfeld
코우타 오야마다	kouta oyamada
코이가쿠보 유리	yuri koigakubo
코이즈미 하나요	hanayo koizumi
코이치 키무라	kouichi kimura
코이치 히로세	koichi hirose
코즈믹브레이크	cosmic break
코즈에 나나오	kozue nanao
코즈에 아유하라	kozue ayuhara
코즈에 카오루	kozue kaoru
코즈키 히요리	hiyori kozuki
코치	coach
코치야 사나에	sanae kochiya
코코 니나 난나	koko ninna-nanna
코코 헤크마티아르	koko hekmatyar
코코아 야자와	cocoa yazawa
코쿠토 미키야	mikiya kokutou
코타로 이시가키	koutarou ishigaki
코타로 코바야시	kotaro kobayashi
코타로 타츠미	koutarou tatsumi
코테가와 유이	yui kotegawa
코테츠 이사네	isane kotetsu
코토 유메노	koto yumeno
코토네 사사키	sasaki kotone
코토네 키리시마	kotone kirishima
코토리 다카토리	kotori takatori
코토리 오토나시	kotori otonashi
코토리 이이다	kotori iida
코토리 이츠카	kotori itsuka
코토미 이치노세	kotomi ichinose
코토미네 키레이	kirei kotomine
코토부키 츠무기	tsumugi kotobuki
코토우라양	kotoura-san
코트니	courtney babcock
코펠리언	coppelion
코하루 시라하네	koharu shirahane
코하쿠	kohaku
코헤이 이누즈카	kouhei inuzuka
코히나타 미쿠	miku kohinata
코히나타 미호	miho kohinata
콘 호카제	kon hokaze
콘고 미츠코	mitsuko kongou
콘도 이사오	isao kondo
콘돔	condom
콘파쿠 요우무	youmu konpaku
콜 오브 듀티	call of duty
콤바트라 v	combattler v
콧코로	kokkoro
콩고릴라	congorilla
쾌걸 조로	kaiketsu zorro
쾌걸 조로리	kaiketsu zorori
쾌도천사 트윈 엔젤	kaitou tenshi twin angel
쾍 팩	quack pack
쿄 소마	kyo sohma
쿄고쿠 마코토	makoto kyogoku
쿄스케 이리에	kyousuke irie
쿄스케 츠루기	kyousuke tsurugi
쿄카 이즈미	kyouka izumi
쿄코 마키무라	kyoko makimura
쿄코 토키와	kyoko tokiwa
쿄헤이 카도타	kyohei kadota
쿄헤이 타치바나	kyohei tachibana
쿈	kyon
쿈코	kyonko
쿠노이치	kunoichi
쿠니미츠	kunimitsu
쿠니미츠 테즈카	kunimitsu tezuka
쿠니오군	kunio-kun
쿠도 유키코	yukiko kudo
쿠라미츠 미호시	mihoshi kuramitsu
쿠로	kuro
쿠로 카가미	kuro kagami
쿠로가네	youou kurogane
쿠로가와 에렌	cure beat
쿠로누마 사와코	sawako kuronuma
쿠로다 유키나리	yukinari kuroda
쿠로무쿠로	kuromukuro
쿠로바 카이토	kaito kuroba
쿠로사와 미나모	minamo kurosawa
쿠로사키 메아	mea kurosaki
쿠로사키 이치고	ichigo	ichigo kurosaki
쿠로사키 카린	karin kurosaki
쿠로이누~고상한 성녀는 백탁에 물들다~	kuroinu
쿠로츠치 네무	nemu kurotsuchi
쿠로츠치 마유리	mayuri kurotsuchi
쿠로코 테츠야	tetsuya kuroko
쿠로코의 농구	kuroko no basuke
쿠로키 토모코	tomoko kuroki
쿠루루기 스자쿠	suzaku kururugi
쿠루미 누쿠이	kurumi nukui
쿠루미 도모나가	kurumi tomonaga
쿠루미 에리카	cure marine	erika kurumi
쿠루미 카스가	kurumi kasuga
쿠마미코	kuma miko
쿠마테츠	kumatetsu
쿠미 하야미	persia hayami
쿠보와 전설의 악기	kubo and the two strings
쿠사나기 모토코	motoko kusanagi
쿠사나기 쿄	kyo kusanagi
쿠사지시 야치루	yachiru kusajishi
쿠사카베 마론	maron kusakabe
쿠사카베 사츠키	satsuki kusakabe
쿠스코? 쿠스코!	the emperors new groove
쿠시에다 미노리	minori kushieda
쿠오라	quorra
쿠온 진가	kuon ginga
쿠온지 우쿄	ukyo kuonji
쿠와바라 카즈마	kazuma kuwabara
쿠자크 마이	mai valentine
쿠잔	kuzan
쿠죠 죠타로	jotaro kujo
쿠죠 히카리	hikari kujou	shiny luminous
쿠치키 루키아	rukia kuchiki
쿠치키 뱌쿠야	byakuya kuchiki	hisana kuchiki
쿠쿠이 박사	professor kukui
쿠키 범스테드	cookie bumstead
쿠키 우리	kuki urie
쿠키 클리커	cookie clicker
쿠키런	cookie run
쿠키몬스터	alistair
쿠킹마마	cooking mama
쿠킹아이돌 아이!마이!마인!	cooking idol ai mai main
쿠파	bowser
쿠파주니어	bowser jr.
쿨 월드	cool world
쿨라 다이아몬드	kula diamond
쿵푸 팬더	kung fu panda
쿵후소년 스컹크 푸!	skunk fu
퀘스 파라야	quess paraya
퀴르케 아우구스타 프레데리카 폰 안할트 체르프스트	kirche augusta frederica von anhalt zerbst
퀴즈 매직 아카데미	quiz magic academy
퀵실버	pietro maximoff	quicksilver
퀸	quinn
퀸 모르겐도퍼	quinn morgendorffer
퀸 에메랄다스	queen emeraldas	emeraldas
퀸즈 블레이드	queens blade
큐베	kyubey
큐빅스	cubix
큐어 아무르	cure amour	ruru amour
큐어 에코	ayumi sakagami
큐어 코스모	cure cosmo
큐티 하니	cutey honey
크게 휘두르며	ookiku furikabutte
크라우 팬텀 메모리	kurau phantom memory
크라이시스	crysis
크라피카	kurapika
크람푸스	krampus
크래쉬 밴디쿳	crash bandicoot
크레이그 머독	craig marduk
크로노 크로스	chrono cross
크로노 트리거	chrono trigger
크로스 게임	cross game
크로스 앙쥬 - 천사와 용의 윤무 -	cross ange
크로스드	crossed
크로우 호건	crow hogan
크로울리	crowley
크로울리 하몽	crowley hamon
크롬 도쿠로	chrome dokuro
크롱크	kronk
크루세이더 퀘스트	crusaders quest
크루세이드 정벌기	valkyrie crusade
크루스 소마	soma cruz
크루엘라 드 빌	cruella de vil	darkness
크루즈 쉴드	cruz schild
크루즈 패밀리	the croods
크르노 크루세이드	chrono crusade
크리링	krillin
크리스 그리핀	chris griffin
크리스 레드필드	chris redfield
크리스 맥린	chris mclean
크리스 손다이크	chris thorndyke
크리스마스	christmas
크리스탈 질라	crystal zilla
크리스토프	kristoff bjorgman
크리스티 몬테이로	christie monteiro
크리스티나 맥켄지	christina mackenzie
크리스티나 시에라	christina sierra
크리스티나 쿠로다	kristina kuroda
크리스티안 프리드리히	christiane friedrich
크리티컬 롤	critical role
크리프트 스토리	tales from the crypt
크림 더 래빗	cream the rabbit
크림 레몬	cream lemon
크림슨 바이퍼	crimson viper
크립토	krypto the superdog
크립트 오브 더 네크로댄서	crypt of the necrodancer
크투가	cthugha
크툴루	cthulhu
큰 근육	big muscles
큰 문신	large tattoo
큰 물건을 삽입	large insertions
큰 불알	big balls
큰 엉덩이	big ass
큰 유두	big nipples
큰 유륜	big areolae
큰 입술	big lips
큰 자지	big penis	huge penis
큰 클리토리스	big clit
큰 키	tall
클라나드	clannad
클라라	clara sesemann
클라라벨 카우	clarabelle cow
클라렌스는 엉뚱해!	clarence
클라리스 드 칼리오스트로	clarisse de cagliostro
클라리스 라 루	clarisse
클라리스 스탈링	clarice starling
클라우드 스트라이프	cloud strife
클라이드 맥브라이드	clyde mcbride
클라인	ryoutarou tsuboi
클락 스틸	clark still
클락 타워	clock tower
클래스	class
클래시 오브 클랜	clash of clans
클랜시 위검	chief clancy wiggum
클램프 학원 탐정단	clamp gakuen tanteidan
클러스터 엣지	cluster edge
클레	klee
클레어	claire dearing
클레어 던피	claire dunphy
클레어 레드필드	claire redfield
클레어 론도	claire rondo
클레어 하비	claire harvey
클레오 드 나일	cleo de nile
클레오 카터	cleo carter
클레이모어	claymore
클로드 프롤로	claude frollo
클로로포름	chloroform
클로에 카마이클	chloe carmichael
클로에 폰 아이츠베른|쿠로	kuro von einzbern
클로에 폰 아인츠베른|쿠로	chloe von einzbern
클로에 프라이스	chloe price
클로에 플란	chloe flan
클로이 박	chloe park
클로이 프레이저	chloe frazer
클로저스	closers
클로하우저	benjamin clawhauser
클루리스	beverly hills teens	clueless
클리브랜드 브라운	cleveland brown
클리토리스가 커짐	clit growth
클릭	click
키 더 메탈 아이돌	key the metal idol
키가 큰 여성	tall girl
키노 마코토	makoto kino	sailor jupiter
키노모토 나데시코	nadeshiko kinomoto
키노모토 사쿠라	sakura kinomoto
키노모토 토우야	touya kinomoto
키노모토 후지타카	fujitaka kinomoto
키노의 여행	kino no tabi
키노피코	toadette
키누요 니시	kinuyo nishi
키다리 아저씨	my daddy long legs	watashi no ashinaga ojisan
키도 죠	joe kido
키드 이카루스	kid icarus
키디 걸 랜드	kiddy girl-and
키디 그레이드	kiddy grade
키라 네리스	kira nerys
키라 야마토	kira yamato
키라 요시카게	yoshikage kira
키라 이즈루	izuru kira
키라라 하자마	kirara hazama
키라리 츠키시마	kirari tsukishima
키라링☆레볼루션	kirarin revolution
키라사카 사야카	sayaka kirasaka
키라키라☆프리큐어 아라모드	kirakira precure a la mode
키류 미모리	mimori kiryu
키류 카즈마	kiryu kazuma
키류인 사츠키	satsuki	satsuki kiryuuin
키르아 조르딕	assassin	killua zoldyck
키리 코모리	kiri komori
키리가야 수구하|리파	suguha kirigaya
키리가야 카스토|키리토	kazuto kirigaya
키리가쿠레 슈라	shura kirigakure
키리나 히우라	kirina hiura
키리마 샤로	sharo kirima
키리사메 마리사	marisa kirisame
키리시키 스나코	sunako kirishiki
키리야 아오이	aoi kiriya
키리코 마사키	kiriko masaki
키리코 아오이	kiriko aoi
키리코 큐비	chirico cuvie
키리토	kazuto kirigaya
키리하라 카스미	kasumi kirihara
키릴 브루벨	kirill vrubel
키미 핀스터	kimi finster
키미코 히구치	kimiko higuchi
키미키스	kimikiss
키사라기 사야	saya kisaragi
키사라기 치하야	chihaya kisaragi
키사키 에리	eri kisaki
키세 야요이	cure peace	yayoi kise
키스	kissing	keith
키스 굿맨	keith goodman
키스 안얀	keith anyan
키스x시스	kiss x sis
키스덤	engage planet kiss dum
키스샷 아세롤라오리온 하트 언더 블레이드	orion heart	kiss-shot acerola-orion heart-under-blade
키스샷 아세롤라오리온 하트 언더 블레이드|오시노 시노부	kiss-shot acerola-orion heart-under-blade
키시리아 자비	kycilia zabi
키시베 로한	rohan kishibe
키아나	qiyana
키아웨	kiawe
키요시 미야지	kiyoshi miyaji
키요시 텟페이	teppei kiyoshi
키요우라 세츠나	setsuna kiyoura
키요코 시미즈	kiyoko shimizu
키요타카 이시마루	kiyotaka ishimaru
키이치 고토	kiichi goto
키즈나이버	kiznaiver
키즈아토	kizuato
키큰남자	tall man
키타로	kitarou
키타무라 유사쿠	yuusaku kitamura
키타시라카와 타마코	tamako kitashirakawa
키타자와 시호	shiho kitazawa
키테레츠 대백과	kiteretsu daihyakka
키티 캐츠웰	kitty katswell
키티 프라이드	shadowcat
키포와 신기한 동물들	kipo and the age of wonderbeasts
키프 크로커	kif kroker
키하라 마야	maya kihara
키헬 하임	kihel heim
킥 애스: 영웅의 탄생	kick-ass
킨 선생님	ms. keane
킨드레드	kindred
킬 미 베이비	kill me baby
킬 빌 1부	kill bill
킬라킬	kill la kill
킬러 이즈 데드	killer is dead
킬러 인스팅트	killer instinct
킬러 프로스트	killer frost
킬링 플로어	killing floor
킴 파서블	kim possible
킴 파인	kim pine
킹 브래드레이	king bradley
킹 샤크	king shark
킹 오브 더 힐	king of the hill
킹 크루루	king k. rool
킹기도라	king ghidorah
킹덤	kingdom
킹덤 언더 파이어	kingdom under fire
킹덤 컴: 딜리버런스	kingdom come deliverance
킹덤 하츠	kingdom hearts
킹스맨: 시크릿 에이전트	kingsman the secret service
킹콩	king kong
타갈로그어	tagalog
타나카 군은 항상 나른해	tanaka-kun wa itsumo kedaruge
타노스	thanos
타니자키 유카리	yukari tanizaki
타다 리이나	riina tada
타다군은 사랑을 하지 않는다	tada-kun wa koi o shinai
타다시 야마구치	tadashi yamaguchi
타다시 하마다	tadashi hamada
타다오 요코시마	tadao yokoshima
타락	corruption	mind break
타란의 대모험	the black cauldron
타레스	turles
타마모노 마에	rei nasu	tamamo no mae	tamamo-no-mae
타마유라	tamayura
타마코 마켓	tamako market
타마코 하라카와	tamako harakawa
타마키 수오	tamaki suou
타마키 이로하	iroha tamaki
타무라 마나미	manami tamura
타무라 유리	yuri tamura
타바사	tabitha
타바타 샤를로트 엘렌 오를레앙|타바사	tabitha helene orleans de gallia
타부 타투	taboo tattoo
타샤 야	tasha yar
타에코 미나즈키	taeko minazuki
타에코 콘도우	taeko kondou
타오 렌	ren tao
타오카카	taokaka
타우리엘	tauriel
타유야	tayuya
타유타마	tayutama
타이 리	ty lee
타이거 마스크	tiger mask
타이그리스	tigress
타이나카 리츠	ritsu tainaka
타이니 툰	tiny toons
타이시 미와	taishi miwa
타이시 푸라	taishi fura
타이의 대모험	dragon quest dai no daibouken	dragon quest yuusha abel densetsu
타이즈	tights
타이치 야에가시	taichi yaegashi
타이타닉 3d	titanic
타이탄 a.e.	titan ae
타이탄폴	titanfall
타임 보칸	time bokan
타임 스쿼드	time squad
타임 크라이시스	time crisis
타입	type
타잔	lady grey
타츠미	tatsumi
타츠야 시바	tatsuya shiba
타츠야 유우키	tatsuya yuuki
타츠야 카나메	tatsuya kaname
타치바나 마코토	makoto tachibana
타치바나 사쿠야	sakuya tachibana
타치바나 카나데	kanade tachibana
타카니 메구미	megumi takani	takani megumi
타카다 키요미	kiyomi takada
타카라다 릿카	rikka takarada
타카마치 나노하	nanoha takamachi
타카무라 마모루	mamoru takamura
타카스 류지	ryuuji takasu
타카스 야스코	yasuko takasu
타카스기 신스케	shinsuke takasugi
타카시 나츠메	takashi natsume
타카시 사쿠마	takashi sakuma
타카야 사카키	takaya sakaki
타카야 아이바	takaya aiba
타카야마 하루카	haruka takayama
타카오	takao akizuki	takao
타카유키 후루이치	takayuki furuichi
타카코 가와지리	takako kawajiri
타카코 아야세	takako ayase
타카코 키무라	takako kimura
타케다 잇테츠	ittetsu takeda
타케루 호무라	takeru homura
타케베 사오리	saori takebe
타케오 고다	takeo gouda
타케오 다카쿠라	takeo takakura
타쿠무 마유즈미	takumu mayuzumi
타쿠미 무카이	takumi mukai
타쿠미 알디니	takumi aldini
타쿠야 무라마츠	takuya muramatsu
타키 스즈나	suzuna taki
타키 타치바나	taki tachibana
타키노 토모	tomo takino
타테가미 아오이	aoi tategami
타투	tattoo
탈리아 그라디스	talia gladys
탈리아 그레이스	thalia grace
탈리아 알 굴	talia al ghul
탈리조라	talizorah nar rayya
탈장	prolapse
탈착식 소매	detached sleeves
탐 켄치	tahm kench
탐정 오페라 밀키홈즈	tantei opera milky holmes
탐정학원 q	detective school q
탑블레이드	beyblade
탑캣	top cat
태국어	thai
태그	tag
태양소년 에스테반	the mysterious cities of gold
태양의 엄니 다그람	taiyou no kiba dougram
택티컬 로어	tactical roar
탱크 걸	tank girl
터미널	the terminal
터미네이터	terminator
턴에이 건담	turn a gundam
털많은	hairy
테넷	tenet
테니스의 왕자	prince of tennis
테라	tera
테라 브랜포드	terra branford
테라리아	terraria
테라포마스	terra formars
테레사 베리야	teresa beria
테레사 브리스비	teresa brisby
테레사 테스타롯사	teletha tessa testarossa
테루 미카미	teru mikami
테루미 메이	mei terumi
테리 보가드	terry bogard
테리어몬	terriermon
테마리	temari
테세우스	theseus
테오도라 빌라비센시오	teodora villavicencio
테이토 클라인	teito klein
테일스핀	talespin
테일즈 시리즈	tales of
테일즈 오브 그레이세스	tales of graces
테일즈 오브 더 월드 래디언트 마이솔로지	tales of the world
테일즈 오브 데스티니	tales of destiny
테일즈 오브 데스티니 2	tales of destiny 2
테일즈 오브 레젠디아	tales of legendia
테일즈 오브 리버스	tales of rebirth
테일즈 오브 베르세리아	tales of berseria
테일즈 오브 베스페리아	tales of vesperia
테일즈 오브 심포니아	tales of symphonia
테일즈 오브 애스터리아	tales of asteria
테일즈 오브 어비스	tales of the abyss
테일즈 오브 엑실리아	tales of xillia
테일즈 오브 이노센스	tales of innocence
테일즈 오브 이터니아	tales of eternia
테일즈 오브 제스티리아	tales of zestiria
테일즈 오브 판타지아	tales of phantasia
테일즈 오브 하츠	tales of hearts
테일즈위버	talesweaver
테츠로 이시가키	tetsurou ishigaki
테츠오 모리사와	tetsuo morisawa
테츠오 시마	tetsuo shima
테츠오 카가	tetsuo kaga
테카맨 블레이드	tekkaman blade
테크 로맨서	tech romancer
테크노라이즈	texhnolyze
테트리스	tetris
테티	teddie
테티스	thetis
텍사스	texas
텐도 아카네	akane tendo
텐도 카스미	kasumi tendo
텐마 마츠카제	tenma matsukaze
텐마 츠카모토	tenma tsukamoto
텐오 하루카	haruka tenoh	sailor uranus
텐조 카이토	kite tenjo
텐죠 우테나	utena tenjou
텐죠인 아스카	alexis rhodes
텐죠인 후부키	atticus rhodes
텐진	tenzin
텐카이 나이트	tenkai knights
텐타몬	kabuterimon
텐타클 최후의 날	day of the tentacle
템페스트 섀도	tempest shadow
토가 히미코	himiko toga
토가메	togame
토귀전	toukiden
토끼	rabbit
토끼 드롭스	usagi drop
토끼 소녀	bunny girl
토끼남	bunny boy
토나구라	tonagura
토네이도 트윈스	jenni ognats
토니야 말메	toniya malme
토니토니 쵸파	tony tony chopper
토도 유리카	yurika toudou
토드 다링	todd daring
토드 플랜더스	todd flanders
토드와 코퍼	the fox and the hound
토라도라!	toradora
토라코 카게야마	torako kageyama
토루 아다치	tohru adachi
토루 오이카와	tooru oikawa
토루 혼다	tohru	tohru honda
토르비욘	torbjorn
토리엘	toriel
토리코	toriko
토마 미나미	touma minami
토마토 공격대	attack of the killer tomatoes
토모나가 아즈키	azuki tomonaga
토모리 나오	nao tomori
토모미 마사오카	tomomi masaoka
토모야 아키	tomoya aki
토모에 마거리트	tomoe marguerite
토모에 마미	mami tomoe
토모에 와지마	tomoe wajima
토모에 타치바나	tomoe tachibana
토모에 호타루	hotaru tomoe	sailor saturn
토모요 사카가미	tomoyo sakagami
토모코 모리카와	tomoko morikawa
토모키 사쿠라이	tomoki sakurai
토모히사 카나메	tomohisa kaname
토미 올리버	green ranger
토미 턴불	tommy turnbull
토미 피클즈	tommy pickles
토미 히미	tommy himi
토미에	tomie
토미카히어로 레스큐파이어	tomica hero rescue fire
토비이치 오리가미	origami tobiichi
토시노 쿄코	kyouko toshinou
토시오 우츠미	toshio utsumi
토시키 카이	toshiki kai
토야마 카즈하	kazuha toyama
토오노 아키하	akiha tohno
토오루 무츠키	mutsuki	tooru mutsuki
토오사카 린	rin tosaka
토와노쿠온	towa no quon
토요하마 노도카	nodoka toyohama
토우야 아키라	akira toya
토이 스토리	toy story
토이맨	toyman
토죠 노조미	nozomi tojo	nozomi toujou
토코 후카와	touko fukawa
토쿠마루 타츠미	tokumaru tatsumi
토키사키 쿠루미	kurumi tokisaki
토키와 미도리	midori tokiwa
토키코 츠무라	tokiko tsumura
토탈 드라마	total drama island
토토리의 아틀리에	atelier totori
토프	lin bei fong	toph bei fong
톰 채니	tom chaney
톰 클랜시의 스플린터 셀: 컨빅션	tom clancys splinter cell
톰 타나카	tom tanaka
톰과 제리	tom and jerry
톰과 제리: 스파이 대작전	jonny quest
톰소여	sawyer
톱을 노려라2!	diebuster
통쾌 활활 행진곡	aggressors of dark kombat
투 하트	to heart
투 하트2	toheart2
투명	invisible
투명인간	invisible
투슬리스	toothless
투시	x-ray
투장 다이모스	toushou daimos
투트 브라운스타인	toot braunstein
툴리오 오리토	tulio orito
툼 레이더	tomb raider
튜브	tube
트라우마 센터	trauma center
트라이 앵글 하트 시리즈	triangle heart
트라이튼 왕	king triton
트라팔가 d. 워텔 로	trafalgar law
트래비스 터치다운	travis touchdown
트랜스포머	transformers
트랩조	trap jaw
트런들	trundle
트레이서	tracer
트로와 바톤	trowa barton
트로피코	tropico
트론: 새로운 시작	tron
트롤 헌터	trollhunters
트루 티어즈	true tears
트루디 차콘	trudy chacon
트루디 프라우드	trudy proud
트리 오브 세이비어	tree of savior
트리나 리핀	trina riffin
트리니 콴	yellow ranger
트리니티 블러드	trinity blood
트리메인 부인	lady tremaine
트리쉬 우나	trish una
트리스탄	tristana
트리아지 엑스	triage x
트리엘라	triela
트릭시 카터	trixie carter
트릭시 탕	trixie tang
트림	burping
트와일라이트 신드롬	twilight syndrome
트와일라잇	twilight
트와일라잇 스파클	twilight sparkle
트웰브는 영원히	twelve forever
트위들덤	tweedledee	tweedledum
트위티	titi
트윅	tweek tweak
트윈비	twinbee
트윈테일	twintails
트윙클 스타 스프라이츠	twinkle star sprites
특구지령 솔브레인	tokkyuu
특명전대 고버스터즈	tokumei sentai go-busters
특수전대 데카레인저	tokusou sentai dekaranger
특이한 이빨	unusual teeth
티거	tigger
티나 스프로우트	tina sprout
티나 암스트롱	tina armstrong
티라 미수	tira misu
티란데 위스퍼윈드	tyrande whisperwind
티리엘	tyrael
티리온 라니스터	tyrion lannister
티모	teemo
티미 터너	timmy turner
티미의 못말리는 수호천사	the fairly oddparents
티아 할리벨	tia halibel
티아나 랜스터	teana lanster
티아라	tiara
티아유 루나틱	tearju lunatique
티어즈 투 티아라 -화관의 대지-	tears to tiara
티에리아 아데	tieria erde
티에스테스	thies
티파 록하트	tifa lockhart
티파니 블럼 데클러	tiffany blum-deckler
티파니아	tiffania westwood
틴 타이탄	teen titans
틸라	teela
팀	tim possible
팀 버튼의 크리스마스 악몽	the nightmare before christmas
팀 포트리스 2	team fortress
팅커벨	tinker bell
파 크라이	far cry
파노라믹스	panoramix
파니포니 대쉬	pani poni dash
파닥몬	patamon
파닥파닥 비행선	patapata hikousen no bouken
파드메 아미달라	padme amidala
파딩숲 친구들의 모험	the animals of farthing wood
파라	pharah
파라노만	paranorman
파라다이스 키스	paradise kiss
파라파 더 래퍼	parappa the rapper
파로디우스	parodius
파르네세	farnese de vandimion
파만	perman
파비올라 이글레시아스	fabiola iglesias
파사거성 g 단가이오	great dangaioh
파사리나	fasalina
파워걸	power girl
파워퍼프걸	the powerpuff girls
파워퍼프걸z	powerpuff girls z
파이 브레인 - 신의 퍼즐	phi brain puzzle of god
파이 찬	pai chan
파이나 s. 시노자키	fina s. shinozaki
파이널 스페이스	final space
파이널 어프로치	final approach
파이널 파이트	final fight
파이널 판타지	final fantasy
파이널 판타지 10	final fantasy v	final fantasy x
파이널 판타지 11	final fantasy vi	final fantasy xi
파이널 판타지 12	final fantasy xii
파이널 판타지 13	final fantasy xiii
파이널 판타지 14	final fantasy xiv
파이널 판타지 15	final fantasy xv
파이널 판타지 4	final fantasy iv
파이널 판타지 7	final fantasy vii
파이널 판타지 8	final fantasy viii
파이널 판타지 9	final fantasy ix
파이널 판타지 ii	final fantasy ii
파이널 판타지 iii	final fantasy iii
파이널 판타지 x-2	final fantasy x-2
파이널 판타지 언리미티드	final fantasy unlimited
파이널 판타지 영식	final fantasy type-0
파이널 판타지 택틱스 어드밴스	final fantasy tactics advance
파이브 스타 스토리	the five star stories
파이어 엠블렘	fire emblem	fire emblem if
파이어 엠블렘 문장의 수수께끼	fire emblem mystery of the emblem
파이어 엠블렘 봉인의 검	fire emblem fuuin no tsurugi
파이어 엠블렘 새벽의 여신	fire emblem radiant dawn
파이어 엠블렘 성마의 광석	fire emblem the sacred stones
파이어 엠블렘 성전의 계보	fire emblem seisen no keifu
파이어 엠블렘 어웨이킹	fire emblem awakening
파이어 엠블렘 열화의 검	fire emblem rekka no ken
파이어 엠블렘 외전	fire emblem gaiden
파이어 엠블렘 창염의 궤적	fire emblem path of radiance
파이어 엠블렘 트라키아 776	fire emblem thracia 776
파이어 엠블렘 풍화설월	fire emblem three houses
파이어 엠블렘 히어로즈	fire emblem heroes
파이어 펀치	fire punch
파이어브리더	firebreather
파이어스타	firestar
파이즈리	paizuri
파이즈리 위주	focus paizuri
파이트 일발! 충전쨩!!	fight ippatsu juuden-chan
파이트 클럽	fight club
파이팅 바이퍼즈	fighting vipers
파이팅! 대운동회	battle athletes
파이퍼 맥클리안	piper mclean
파충류	reptile
파츄리 널릿지	patchouli knowledge
파피몬	gabumon
파피용 로제	papillon rose
파필론 릴리	papillon lily
판다 소녀	panda girl
판도라 하츠	pandora hearts
판스워스 교수	hubert farnsworth
판타스틱 4	fantastic four
판타스틱 mr. 폭스	fantastic mr. fox
판타지 스타	phantasy star
판타지 스타 ii: 돌아오지 않을 시간의 끝에서	phantasy star 2
판타지 스타 돌	fantasista doll
판타지 스타 온라인	phantasy star online
판타지 어스: 제로	fantasy earth zero
팔견전 -동방팔견이문-	hakkenden
팔라 쉬스	pala sys
팔라딘스	paladins
팔몬	lillymon	lilymon
팔이 3개 이상	multiple arms
팔코 람바디	falco lombardi
팜 파탈	femme fatale
팝 팀 에픽	pop team epic
팝티머스 시로코	paptimus scirocco
팝픈뮤직	popn music
팡야	pangya
팡틴	fantina
패널로 퐁	panel de pon
패러사이트 이브	parasite eve
패밀리 가이	family guy
패스파인더	pathfinder
패시파이	pacify
패왕대계 류나이트	lord of lords ryu knight
패트리샤 버니	patricia bunny
패트리샤 톰슨	patricia thompson
패트릭 잘라	patrick zala
패트릭 콜라사워	patrick colasour
패티 마이어스	patty myers
패티 부비에	patty bouvier
팩맨	pac-man
팬더와 친구들의 모험	panda kopanda
팬시 랄라	miho shinohara
팬시 파킨슨	pansy parkinson
팬텀 브레이브	phantom brave
팬텀걸	phantom girl
팬티 & 스타킹 with 가터벨트	panty and stocking with garterbelt
팬티 스타킹	pantyhose
팬티잡	pantyjob
팽창	inflation
퍼니셔	frank castle
퍼브 플레처	ferb fletcher
퍼스트 러브	hatsukoi
퍼시 잭슨	percy	percy jackson
퍼시벌	percival
퍼시픽 림	pacific rim
퍼즐앤드래곤	puzzle and dragons
펀치아웃!!	punch-out
펄프 픽션	pulp fiction
펌프킨 시저스	pumpkin scissors
페가수스 세이야	pegasus seiya
페그 피트	peg pete
페기 마츠야마	pink ranger
페기 번디	peggy bundy
페기 힐	peggy hill
페깅	pegging
페니 파커	peni parker
페니 프라우드	penny proud
페니와이즈	penny
페도베어	pedobear
페로나	perona
페르소나 2 죄	persona 2
페르소나 3	persona 3
페르소나 4	persona 4
페르소나 5	persona 5
페르시아의 왕자	prince of persia
페리 화이트	perry white
페린느 이야기	the story of perrine
페뷔스 드 샤토페르	captain phoebus
페블과 펭귄	the pebble and the penguin
페어리 테일	fairy tail
페이 린	fei rin
페이데이	payday
페이몬	paimon
페이션스 필립스	patience phillips
페이스 코너스	faith connors
페이트 그랜드 오더|페그오	fate grand order
페이트 스테이 나이트|페스나	fate stay night
페이트 제로|페제	fate zero
페이트 테스타로사	fate testarossa
페이퍼맨	paperman
페코린느	pecorine
페토페토 씨	petopeto-san
페퍼 앤 피어슨	pepper ann pearson
페퍼 포츠	pepper potts
페퍼민트 패티	patricia reichardt
페페 르 퓨	pepe le pew
펜리르	fenrir	fenris
펜타스톰	arena of valor	king of glory
펜테실레이아	penthesilea
펠라치오	blow job	blowjob
펠라치오 위주	focus blowjob
펠라치오로 인해 양볼이 홀쭘해지는 얼굴모양	blowjob face
펠리 로스	felli loss
펠릭스 아가일	felix argyle
펠트	felt
펠트 그레이스	feldt grace
펨돔	femdom
펭귄 하이웨이	penguin highway
포 다메론	poe dameron
포 무라사메	four murasame
포 아너	for honor
포경	phimosis
포니걸	ponygirl
포니테일	ponytail
포루투갈어	portuguese
포르노그래피	blue archive
포르자 호라이즌 4	star ocean 4
포비든 킹덤: 전설의 마스터를 찾아서	the forbidden kingdom
포샤 기븐스	portia gibbons
포암즈	four arms
포춘 아테리얼	fortune arterial
포춘 퀘스트: 세이비어	fortune quest
포켓몬	pokemon
포코냥	pokonyan
포테마요	potemayo
포토카노	photo kano
포트거스 d. 에이스	portgas d. ace
포트나이트	fortnite
포핀q	pop in q
폭렬천사	burst angel
폭렬헌터	bakuretsu hunters
폭스 맥클라우드	fox mccloud
폭풍우 치는 밤에	arashi no yoru ni
폰섹	phone sex
폰지	fonzie
폴 가이즈	fall guys
폴 피닉스	paul phoenix
폴란드어	polish
폴린	pauline
폴아웃	fallout
폴켄 라쿠르 데 파넬	folken fanel
폴터가이스트	poltergeist
퐁	pong
푸니푸니☆포에미	puni puni poemy
푸루룬	polly esther
푸른 강철의 아르페지오	arpeggio of blue steel
푸른 골짜기	ferngully
푸른 뇌정 건볼트	azure striker gunvolt
푸른 바다의 aion	hekikai no aion
푸른 요정	blue fairy
푸른 유성 spt 레이즈너	blue comet spt layzner
푸시캣 클럽	josie and the pussycats
푸치코	petit charat
푸카 이가사키	fuuka igasaki
풀 메탈 패닉!	full metal panic
풀리룰라	pu-li-ru-la
풀컬러	full color
풋잡	footjob
풍운묵시록	savage reign
풍운유신 다이쇼군	fuuun ishin dai shogun
퓨처 카드 버디파이트	future card buddyfight
퓨처라마	futurama
프라우 보우	fraw bow
프라이드의 아버지	father of the pride
프란체스카 루키니	francesca lucchini
프랑스어	french
프랑켄슈타인	frankensteins monster
프랑켄위니	frankenweenie
프랑키	franky
프래글 록	fraggle rock
프랜신 앨리스 프렌스키	francine frensky
프랭클린 리처드	franklin richards
프랭클린 스톰	franklin storm
프랭키 슈타인	frankie stein
프랭키 해서웨이	frankie hathaway
프레데리케 바우만	frederica miyamoto
프레데터	predator
프레드 존스	fred jones
프레드 플린츠토네	fred flintstone
프레디 크루거	freddy krueger
프레디 프리먼	captain marvel jr
프레디의 피자가게	five nights at freddys
프레시 프리큐어!	fresh precure
프레이 알스터	flay allster
프렌다 세이베른	frenda seivelun
프로도 배긴스	frodo baggins
프로듀서	producer
프로메어	promare
프로스트펑크	frostpunk
프로스티 더 스노우맨	frosty the snowman
프로젝트 a-ko 시리즈	project a-ko
프로젝트 퀄리디아	qualidea code
프로존	frozone
프로타주	frottage
프로토맨	proto man	protoman
프로페서 x	professor x
프론트 미션	front mission
프론트 이노센트	another lady innocent
프리!	free
프리니	prinny
프리덤 플래닛	freedom planet
프리실라	priscilla
프리실라 바리에르	priscilla barielle
프리저	frieza
프리져	articuno
프리징	freezing
프리큐어	pretty cure
프리크리	flcl
프리티 리듬	pretty rhythm
프리파라	pripara
프린세스 러버	princess lover
프린세스 스타의 모험일기	star vs. the forces of evil
프린세스 츄츄	princess tutu
프린세스 커넥트 시리즈|프커넥	princess connect
프린세스 케이덴스	princess cadance
프린세스 크라운	princess crown
프린세스 프린서플	princess principal
플라네타륨	the summoning
플라네타리안 : 별의 사람	planetarian
플라네테스	planetes
플라스틱 맨	plastic man
플라스틱 메모리즈	plastic memories
플라워 나이트 걸	flower knight girl
플라위	asriel dreemurr	flowey
플랑드르 스칼렛	flandre scarlet
플래닛 위드	planet with
플래키	flaky
플랜더스의 개	a dog of flanders
플랜츠 vs. 좀비	plants vs. zombies
플러 블랑	fleur blanc
플러터샤이	fluttershy
플런더러	plunderer
플레르 델라쿠르	fleur delacour
플레어 알 그란데 지오랄	flare arlgrande jioral
플리즈 티처	onegai teacher
플린 라이더	flynn	flynn rider
플린 시포	flynn scifo
플립 플래퍼즈	flip flappers
피	blood
피 카마이클	fee carmichael
피구왕 통키	dodge danpei
피글렛	piglet
피노키오	pinocchio
피니어스 플린	phineas flynn
피니와 퍼브	phineas and ferb
피닉 오데어	finnick
피닉스 잇키	ikki
피라 니코스	pyrrha nikos
피리스의 아틀리에 ~신비한 여행의 연금술사~	atelier firis
피블 마우스키위츠	fievel mousekewitz
피블의 모험	an american tail
피비 헤이어달	phoebe heyerdahl
피스팅	fisting
피슬	fischl
피어싱	piercing	piercings
피어씽	piercing
피에르 다키다	pierre takida
피오나 공주	princess fiona
피오라	fiora
피요몬	biyomon	garudamon
피지 홀트	pidge gunderson
피치 공주	princess peach
피치피치핏치	mermaid melody pichi pichi pitch
피콜로	piccolo
피크민	pikmin
피타텐	pita ten
피터 그리핀	peter griffin
피터 베일리쉬	petyr baelish
피터 브래디	peter brady
피터 팬	peter pan
피트	pietro de bloodeau
피트 로스	pete ross
픽스-잇 펠릭스	fix-it felix	fix-it felix jr.
핀	finn the human
핀 피쉬	finn fish
핀과 제이크의 어드벤쳐 타임	adventure time
핀볼	flipper
필리샤 하이데만	filicia heideman
필립 j. 프라이	philip j. fry
필립 데빌	phillip deville
핑크 팬더	the pink panther
핑키와 브레인	pinky and the brain
핑키파이	pinkamena	pinkie pie
하고로모 라라	cure milky
하급생2	kakyuusei
하기와라 유키호	yukiho hagiwara
하나 씨의 간단요리	hana no zubora-meshi
하나 카츠라기	hana katsuragi
하나 코마자와	hana komazawa
하나 하츠노	hana hatsuno
하나데라 노도카	cure grace
하나마루 유치원	hanamaru youchien
하나마루 쿠니키다	hanamaru kunikida
하나미 코토하	cure felice	kotoha hanami
하나비시 카오루	kaoru hanabishi
하나사키 츠보미	tsubomi hanasaki	cure blossom
하나야마타	hanayamata
하나우쿄 메이드대	hanaukyo maid tai
하나의 남성 생식기에 여러개의 가슴이 파이즈리	multiple paizuri
하나이 하루키	haruki hanai
하나코 혼다	hanako honda
하네오카 메이미	meimi haneoka
하네카와 츠바사	tsubasa hanekawa
하늘 가는대로	sora no manimani
하늘에서 음식이 내린다면	cloudy with a chance of meatballs
하늘의 유실물	sora no otoshimono
하니노즈카 미츠쿠니	mitsukuni haninozuka
하데스	hades
하라무라 노도카	nodoka haramura
하렘	harem
하루 니시무라	haru nishimura
하루 오쿠무라	haru okumura
하루 요시오카	haru yoshioka
하루나	haruna
하루나 사오토미	haruna saotome
하루나 키사라기	haruna kisaragi
하루노 사쿠라	sakura haruno
하루노 하루카	haruka haruno	cure flora
하루미 키야마	harumi kiyama
하루미 후지요시	harumi fujiyoshi
하루유키 아리타	haruyuki arita
하루카 모리시마	haruka morishima
하루카 미나즈키	haruka minazuki
하루카 미나토	haruka minato
하루카 아마미	haruka amami
하루카 오가사와라	haruka ogasawara
하루카 카스가노	haruka kasugano
하루카 캰	haruka kyan
하루카 하세가와	haruka hasegawa
하루카제 도레미	doremi harukaze
하루카제 폿프	poppu harukaze
하루코 카미오	haruko kamio
하루히 후지오카	haruhi fujioka
하루히로	haruhiro
하루히코 이치조	haruhiko ichijo	haruhiko ichijou
하리마 켄지	kenji harima
하마카제	hamakaze
하마토라	hamatora
하만 칸	haman karn
하베스트 문	harvest moon
하비 스트리트의 악동들	harvey girls forever
하비 킨클	harvey kinkle
하세가와 치사메	chisame hasegawa
하세가와 코바토	kobato hasegawa
하세오	haseo
하스터	hastur
하야미 린카	rinka hayami
하야미 카나데	kanade hayami
하야사카 아이	ai hayasaka
하야사카 유카리	yukari hayasaka
하야세 미사	misa hayase
하야오 카키자키	hayao kakizaki
하야테x블레이드	hayate x blade
하야테처럼!	hayate no gotoku
하야토 신카이	hayato shinkai
하야토 아키야마	hayato akiyama
하야토 코바야시	hayato kobayashi
하얀고양이 프로젝트	shironeko project
하오마루	haohmaru
하운티드 정션	haunted junction
하울의 움직이는 성	howls moving castle
하워드 데빌	howard deville
하이 스쿨 플릿	high school fleet
하이그레	haigure
하이드마리 w. 슈나우퍼	heidemarie w. schnaufer
하이바네 연맹	haibane renmei
하이바라 아이	ai haibara
하이스쿨 d×d	highschool dxd
하이스쿨 미스터리 학원 7대 불가사의	high school mystery gakuen nanafushigi
하이에나 쉔지	shenzi
하이큐!!	haikyuu
하이퍼 폴리스	hyper police
하이하이 퍼피 아미유미	hi hi puffy amiyumi
하이힐	high heels
하즈키 나기사	nagisa hazuki
하즈키 시마다	hazuki shimada
하즈키 아즈마	hazuki azuma
하즈키 오이카와	hazuki oikawa
하즈키 카토	hazuki katou
하즈키 쿠루미	kurumi hazuki
하즈키 페라리	hazuki ferrari
하지메 시노다	hajime shino	hajime shinoda
하지메 쿠니히로	hajime kunihiro
하지메 히나타	hajime hinata	izuru kamukura
하츠 오브 아이언 4	hearts of iron
하츠네 아리사카	hatsune arisaka
하츠네미쿠	miku hatsune
하츠미 아즈마	hatsumi azuma
하치스카 코테츠	hachisuka kotetsu
하치쿠지 마요이	mayoi hachikuji
하카세 사토미	satomi hakase
하쿠	nigihayami kohakunushi
하쿠노 키시나미	hakuno kishinami
하쿠레이 레이무	reimu hakurei
하쿠오로	hakuoro
하타케 카카시	kakashi hatake
하트 나라의 앨리스 ~wonderful wonder world~	alice in the country of hearts
하트 커넥트	kokoro connect
하트브레이커스	breakers
하트캐치 프리큐어!	heartcatch precure
하프라이프	half-life
하피	harpy
학교 관리인 윌리	groundskeeper willie
학교 수영복	school swimsuit
학교괴담	gakkou no kaidan
학교생활!	gakkou gurashi
학생회 임원들	seitokai yakuindomo
학생회의 일존	seitokai no ichizon
학원 앨리스	gakuen alice
학원 유토피아 마나비 스트레이트!	manabi straight
학원 헤븐 boy's love scramble!	gakuen heaven
학원묵시록	highschool of the dead
한 사람의 다른 두 버전이 서로 섹스함	selfcest
한 솔로	han solo
한국어	korean
한나 저스티나 마르세이	hanna-justina marseille
한마 바키	baki hanma
한소라	sora takenouchi
한조	hanzo
한주리	juri han
한지 조에	hange zoe	hanji zoe	hans
한지우	ash ketchum
할로 나이트	hollow knight
할리 롱	haley long
할리 퀸	harley quinn
할머니	grandmother
함대 컬렉션|칸코레	kantai collection
함몰유두	inverted nipples
핫라인 마이애미	hotline miami
핫토리 시즈카	shizuka hattori
핫토리 헤이지	heiji hattori
핫팬츠	hotpants
항문 빨기	rimjob
해리 포터	harry potter
해변의 무로미상	namiuchigiwa no muromi-san
해서웨이 노아	hathaway noa
해적	pirate
해적전대 고카이저	kaizoku sentai gokaiger
해즈빈 호텔	hazbin hotel
해체	dismantling
해커돌	hacka doll
해피 슈가 라이프	happy sugar life
해피 트리 프렌즈	happy tree friends
해피☆레슨	happy lesson
해피니스 차지 프리큐어!	happinesscharge precure
핸드 메이드 메이	hand maid may
핸드잡	handjob
행복 그래피티	koufuku graffiti
행복장의 오코죠상	shiawase sou no okojo-san
행크 힐	hank hill
햣코	hyakko
향릉	xiangling
허구추리	kyokou suiri
허긋토! 프리큐어	hugtto precure
허니 키사라기	honey kisaragi
허니와 클로버	honey and clover
허드슨 부인	marie hudson
허미스 콘라드	hermes conrad
허벌 보지	big vagina
허셜 레이튼	professor hershel layton
헌드레드	hundred
헌터 × 헌터	hunter x hunter
헌트리스 위저드	huntress wizard
헐크	the incredible hulk	hulk
헐클링	hulkling
헛소리 시리즈	zaregoto
헝가리어	hungarian
헝거 게임: 판엠의 불꽃	the hunger games
헤더 메이슨	heather mason
헤더 할로웨이	heather holloway
헤르미온느 그레인저	hermione	hermione granger
헤르쿨레스	hercules
헤봇!	heybot
헤비 오브젝트	heavy object
헤스티아	hestia
헤이! 아놀드	hey arnold
헤이와지마 시즈오	shizuo heiwajima
헤일로	halo
헤일로 3: odst	shock troopers
헤일리 던피	haley dunphy
헤타리아 axis powers	axis powers hetalia
헥터 에스카턴	hector escaton
헨리 웡	henry wong
헬 테이커	helltaker
헬가 g. 파타키	helga pataki
헬가 카트리나 싱클레어	helga sinclair
헬레나 더글라스	helena douglas
헬레네	elena	helen
헬레이저	hellraiser
헬렌 박스데일 모르겐도퍼	helen morgendorffer
헬렌 스피츠	helen spitz
헬로키티	hello kitty
헬보이	hellboy
헬싱	hellsing
헷지	over the hedge
혁명기 발브레이브	valvrave the liberator
현란무답제 더 마즈 데이브레이크	mars daybreak
현시연	genshiken
현자의 손자	kenja no mago
혈계전선	kekkai sensen
협박	blackmail
형사 가제트	inspector gadget
형제	brother
호 인센	ho yinsen
호가스 휴즈	hogarth hughes
호기심 많은 조지	curious george
호나미 다카세 앰블러	honami takase ambler
호노카 마츠바라	honoka matsubara
호노카 시라하마	honoka shirahama
호노카 코사카	honoka kosaka
호닥	hordak
호라이즌 제로 던	horizon zero dawn
호랑이	tiger
호러	horror
호리	obake no holly
호리베 이토나	itona horibe
호머 심슨	homer simpson
호쇼 하논	hanon hosho
호시가키 키사메	kisame hoshigaki
호시구마	hoshiguma
호시나 우타우	utau hoshina
호시노 루리	ruri hoshino
호시노 스미레	sumire hoshino
호시미야 이치고	ichigo hoshimiya
호시이 미키	miki hoshii
호시조라 린	rin hoshizora
호시조라 미유키	cure happy	miyuki hoshizora
호시조라 이쿠요	ikuyo hoshizora
호시카제 키라라	kirara hoshikaze
호엔하임 엘릭	van hohenheim
호오즈키의 냉철	hoozuki no reitetsu
호우센 아오이	aoi housen
호우오우지 후	fuu hououji
호우카 오즈	houka ozu
호조 히비키	cure melody	hibiki houjou
호죠 사토코	satoko houjou
호즈키 스이게츠	suigetsu	suigetsu hozuki
호커스 포커스	hocus pocus
호쿠토 쿠사나기	hokuto kusanagi
호크걸	hawkgirl
호크아이	hawkeye
호타루 이치조	hotaru ichijou
호토 코코아	kokoa hoto
호토리 타다세	tadase hotori
호튼	horton hears a who
호플리테스	hoplite
혹성탈출	planet of the apes
혼다 미오	mio honda
혼마 메이코	meiko honma
혼죠 카마타리	kamatari honjou
홀랜드 노박	holland novak
홀로라이브	hololive
홀리 나이트	holy knight
홀리 우드	holli would
홈월드	homeworld
홍 메이링	hong meiling
홍 푸링	pudding fong
홍각의 판도라	koukaku no pandora
홍예지	yolei inoue
화랑	hwoarang
화성 침공	mars attacks
화성인 마빈	marvin the martian
화염드라몬	flamedramon
화이트 앨범	white album
확산성 밀리언아서	kaku-san-sei million arthur
환몽전기 레다	genmu senki leda
환상게임	fushigi yuugi
환상수호전	suikoden
황소	bull
황주연	jeri katou
황혼에서 새벽까지	from dusk till dawn
회복술사의 재시작	kaifuku jutsushi no yarinaoshi
회음부 자극	prostate massage
회장님은 메이드 사마	kaichou wa maid-sama
후나미 유이	yui funami
후도 아키라	akira fudo
후도 유세이	yusei fudo
후루데 리카	rika furude
후루타니 히마와리	himawari furutani
후르츠 바스켓	fruits basket
후미 쿠마가이	fumi kumagai
후미에 하시모토	fumie hashimoto
후미카 미타라이	fumika mitarai
후미키 미즈타니	fumiki mizutani
후부키	fubuki
후부키 시로	shirou fubuki
후시미 사루히코	saruhiko fushimi
후앙 파오 린	pao-lin huang
후유미 야나기	fuyumi yanagi
후유츠키 아즈사	azusa fuyutsuki
후유츠키 코조	kozo fuyutsuki
후장개통	virginity
후지마루 리츠카|구다오	gudao
후지사키 나기히코	nadeshiko fujisaki
후지사키 시오리	shiori fujisaki
후지사키 아카리	akari fujisaki
후지와라 자쿠로	zakuro fujiwara
후지와라 타쿠미	takumi fujiwara
후지와라 하즈키	hazuki fujiwara
후지코 미네	fujiko mine
후지코 에토	fujiko etou
후쿠베 사토시	satoshi fukube
후타	futa
후타나리	futanari
후타나리x후타나리	futanari on futanari
후타나리에게 박힘	futanari on male
후타나리화	futanarization
후타라니만	dickgirls only
후타리 h	futari ecchi
후타바 리오	rio futaba
후타바 안즈	anzu futaba
후타바 오오키	futaba ooki
후타바 요시오카	futaba yoshioka
훈도시	fundoshi
휠잭	wheeljack
휴먼 토치	human torch
휴우가 네지	neji hyuga
휴우가 히나타	hinata hyuga	hyuuga
휴이 프리먼	huey freeman
휴이, 듀이, 루이	huey duck	louie duck
흉터	scar
흐린 하늘에 웃다	donten ni warau
흑두	dark nipples
흑마녀 나가신다!!	kuromajo-san ga tooru
흑수(크로이누) ~고상한 성녀는 백탁에 물들다~	kuroinu kedakaki seijo wa hakudaku ni somaru
흑신	kurokami
흑집사	black butler
흑토끼	kurousagi
흔해빠진 직업으로 세계최강	arifureta shokugyou de sekai saikyou
흡수	absorption
흡연	smoking
흡혈식물 대소동	little shop of horrors
흰 수염	edward newgate
히가시 세츠나	cure passion	setsuna higashi
히가시야마 세이카	seika higashiyama
히가시카타 죠스케	josuke higashikata
히나 사토	hina satou
히나기쿠 다마노	hinagiku tamano
히나노 쿠라하시	hinano kurahashi
히나모리 아무	amu hinamori
히나이치고	hina ichigo
히나코 노트	hinako note
히나타 나츠미	natsumi hinata
히나타 미야케	hinata miyake
히나타 아키	aki hinata
히나타 오카노	hinata okano
히나타 카와모토	hinata kawamoto
히나타 후유키	fuyuki hinata
히나타 히노	hinata hino
히나타 히데키	hideki hinata
히노 레이	queen beryl	queen serenity	rei hino	sailor mars	sailor neptune	sailor pluto
히노 아카네	akane hino	cure sunny
히노마루 스모	hinomaru-zumou
히다 키즈나	kizuna hida
히다마리 스케치	hidamari sketch
히단	hidan
히데요시 나가치카	hideyoshi nagachika
히데키 하야미	hideki hayami
히라가 사이토	saito hiraga
히라다이라 치사키	chisaki hiradaira
히라사와 우이	ui hirasawa
히라사와 유이	yui hirasawa
히로	hiro
히로 하마다	hiro hamada
히로 하야미	hiro hayami
히로무 신보	hiromu shinbo
히로미 시라하네	hiromi shirahane
히로미 유아사	hiromi yuasa
히로시 타테노	hiroshi tateno
히로익 에이지	heroic age
히로코 아사히나	hiroko asahina
히로키 세가와	hiroki segawa
히로키 이시야마	hiroki ishiyama
히로타카 와카마츠	hirotaka wakamatsu
히로토 마에하라	hiroto maehara
히로토 키야마	hiroto kiyama
히루마 요이치	yoichi hiruma
히마리 다카쿠라	himari takakura	princess of the crystal
히마와리 시노미야	himawari shinomiya
히메 마키타	hime makita
히메 오니즈카	hime onizuka
히메가미 아이사	aisa himegami
히메고토	himegoto
히메라기 유키나	yukina himeragi
히메미야 안시	anthy himemiya
히메지 미즈키	mizuki himeji
히메지마 아케노	akeno himejima
히메쨩의 리본	hime-chans ribbon
히메코 노노하라	himeko nonohara
히메코 이나바	himeko inaba
히무라 켄신	kenshin himura
히바리 쿄야	kyoya hibari
히바리 타케다	hibari takeda
히버트 박사	dr. julius hibbert
히비키 도카이	hibiki tokai
히비키 료가	ryoga hibiki
히비키 쓰카하라	hibiki tsukahara
히비키 타치바나	hibiki tachibana
히사 타케이	hisa takei
히사코 아라토	hisako arato
히소카	hisoka
히시카와 릿카	rikka hishikawa	cure diamond
히어로맨	heroman
히어로즈 오브 뉴어스	heroes of newerth
히어로즈 오브 더 스톰	heroes of the storm
히어로즈 오브 마이트 앤 매직	heroes of might and magic	might and magic
히에이	hiei
히요코 사이온지	hiyoko saionji
히이라기 아카오	akao hiiragi
히이라기 츠카사	tsukasa hiiragi
히이라기자와 에리오르	eriol hiiragizawa
히이로 유이	heero yuy
히잡	hijab
히지리 키리시마	hijiri kirishima
히지카타 토시로	toshiro hijikata
히츠가야 토시로	toshiro hitsugaya	toushirou hitsugaya
히카루 아마노	hikaru amano
히카루 히비노	hikaru hibino
히카루 히야마	hikaru hiyama
히카루의 바둑	hikaru no go
히카리 코히나타	hikari kohinata
히카리 쿠로다	hikari kuroda
히카미 스미레	sumire hikami
히카와 이오나	iona hikawa	cure fortune
히컵	hiccup	hiccup horrendous haddock iii
히코 세이쥬로	seijuro hiko
히코 요시다	hiko yoshida
히타치인 히카루	hikaru hitachiin
히토미	hitomi
히토미 시즈키	hitomi shizuki
히토미 오노데라	hitomi onodera
히토미 키스기	hitomi kisugi
히토카 야치	hitoka yachi
히트맨	hitman
히푸미 타키모토	hifumi takimoto
힐다	hilda	polaris hilda
힐다 스펠먼	hilda spellman
힐데가르트 폰 크론	hildegard von krone
힐링굿♡ 프리큐어	healin good precure
힘내라!! 로보콘	ganbare robocon
힛걸	hit-girl
